sample,scenarioId,repeat,milliseconds
1,01-six-dynasties-rain-short,1,2.5354
2,01-six-dynasties-rain-short,2,2.8128
3,01-six-dynasties-rain-short,3,3.1036
4,01-six-dynasties-rain-short,4,3.8552
5,01-six-dynasties-rain-short,5,4.1002
6,01-six-dynasties-rain-short,6,3.2778
7,01-six-dynasties-rain-short,7,2.686
8,01-six-dynasties-rain-short,8,2.6241
9,01-six-dynasties-rain-short,9,2.845
10,01-six-dynasties-rain-short,10,2.7232
11,01-six-dynasties-rain-short,11,3.3841
12,01-six-dynasties-rain-short,12,3.1302
13,01-six-dynasties-rain-short,13,3.5148
14,01-six-dynasties-rain-short,14,2.9099
15,01-six-dynasties-rain-short,15,2.5686
16,01-six-dynasties-rain-short,16,2.4251
17,01-six-dynasties-rain-short,17,2.3662
18,01-six-dynasties-rain-short,18,2.4653
19,01-six-dynasties-rain-short,19,2.5838
20,01-six-dynasties-rain-short,20,2.7647
21,02-six-dynasties-morning-wait,1,2.1555
22,02-six-dynasties-morning-wait,2,1.9239
23,02-six-dynasties-morning-wait,3,2.6255
24,02-six-dynasties-morning-wait,4,1.8033
25,02-six-dynasties-morning-wait,5,1.9717
26,02-six-dynasties-morning-wait,6,1.9552
27,02-six-dynasties-morning-wait,7,1.8942
28,02-six-dynasties-morning-wait,8,1.863
29,02-six-dynasties-morning-wait,9,1.9718
30,02-six-dynasties-morning-wait,10,1.9333
31,02-six-dynasties-morning-wait,11,1.7498
32,02-six-dynasties-morning-wait,12,2.6822
33,02-six-dynasties-morning-wait,13,2.0187
34,02-six-dynasties-morning-wait,14,1.9704
35,02-six-dynasties-morning-wait,15,1.8628
36,02-six-dynasties-morning-wait,16,1.7445
37,02-six-dynasties-morning-wait,17,1.7686
38,02-six-dynasties-morning-wait,18,2.1575
39,02-six-dynasties-morning-wait,19,1.9945
40,02-six-dynasties-morning-wait,20,1.7734
41,03-six-dynasties-closing-pressure,1,1.9094
42,03-six-dynasties-closing-pressure,2,1.9858
43,03-six-dynasties-closing-pressure,3,1.5675
44,03-six-dynasties-closing-pressure,4,1.4786
45,03-six-dynasties-closing-pressure,5,1.6092
46,03-six-dynasties-closing-pressure,6,1.6354
47,03-six-dynasties-closing-pressure,7,1.3927
48,03-six-dynasties-closing-pressure,8,1.5073
49,03-six-dynasties-closing-pressure,9,1.5177
50,03-six-dynasties-closing-pressure,10,1.453
51,03-six-dynasties-closing-pressure,11,1.6713
52,03-six-dynasties-closing-pressure,12,1.7686
53,03-six-dynasties-closing-pressure,13,1.5138
54,03-six-dynasties-closing-pressure,14,1.8143
55,03-six-dynasties-closing-pressure,15,1.5164
56,03-six-dynasties-closing-pressure,16,1.6755
57,03-six-dynasties-closing-pressure,17,1.4145
58,03-six-dynasties-closing-pressure,18,1.3584
59,03-six-dynasties-closing-pressure,19,1.3293
60,03-six-dynasties-closing-pressure,20,1.5209
61,04-six-dynasties-culture-day,1,13.7725
62,04-six-dynasties-culture-day,2,11.57
63,04-six-dynasties-culture-day,3,11.8637
64,04-six-dynasties-culture-day,4,11.9672
65,04-six-dynasties-culture-day,5,10.9699
66,04-six-dynasties-culture-day,6,13.6961
67,04-six-dynasties-culture-day,7,12.4651
68,04-six-dynasties-culture-day,8,11.1299
69,04-six-dynasties-culture-day,9,11.3607
70,04-six-dynasties-culture-day,10,12.0037
71,04-six-dynasties-culture-day,11,11.9282
72,04-six-dynasties-culture-day,12,13.2902
73,04-six-dynasties-culture-day,13,12.0621
74,04-six-dynasties-culture-day,14,12.3059
75,04-six-dynasties-culture-day,15,12.1646
76,04-six-dynasties-culture-day,16,12.4196
77,04-six-dynasties-culture-day,17,11.9201
78,04-six-dynasties-culture-day,18,11.2176
79,04-six-dynasties-culture-day,19,11.1343
80,04-six-dynasties-culture-day,20,11.4071
81,05-six-dynasties-weekend-night,1,2.8251
82,05-six-dynasties-weekend-night,2,2.3559
83,05-six-dynasties-weekend-night,3,2.6783
84,05-six-dynasties-weekend-night,4,2.5095
85,05-six-dynasties-weekend-night,5,2.4834
86,05-six-dynasties-weekend-night,6,2.4877
87,05-six-dynasties-weekend-night,7,2.7509
88,05-six-dynasties-weekend-night,8,2.591
89,05-six-dynasties-weekend-night,9,2.9441
90,05-six-dynasties-weekend-night,10,2.6851
91,05-six-dynasties-weekend-night,11,2.4501
92,05-six-dynasties-weekend-night,12,2.6587
93,05-six-dynasties-weekend-night,13,2.903
94,05-six-dynasties-weekend-night,14,2.3238
95,05-six-dynasties-weekend-night,15,2.8621
96,05-six-dynasties-weekend-night,16,2.3699
97,05-six-dynasties-weekend-night,17,2.4571
98,05-six-dynasties-weekend-night,18,2.6176
99,05-six-dynasties-weekend-night,19,2.8228
100,05-six-dynasties-weekend-night,20,2.8513
101,06-republican-rain-short,1,2.6697
102,06-republican-rain-short,2,3.2967
103,06-republican-rain-short,3,2.7935
104,06-republican-rain-short,4,2.6439
105,06-republican-rain-short,5,2.3636
106,06-republican-rain-short,6,2.6847
107,06-republican-rain-short,7,2.545
108,06-republican-rain-short,8,2.5983
109,06-republican-rain-short,9,2.4275
110,06-republican-rain-short,10,2.8382
111,06-republican-rain-short,11,2.9542
112,06-republican-rain-short,12,2.5791
113,06-republican-rain-short,13,2.4611
114,06-republican-rain-short,14,2.6471
115,06-republican-rain-short,15,2.6205
116,06-republican-rain-short,16,2.501
117,06-republican-rain-short,17,2.9018
118,06-republican-rain-short,18,2.4891
119,06-republican-rain-short,19,2.6072
120,06-republican-rain-short,20,2.8754
121,07-republican-morning-wait,1,1.435
122,07-republican-morning-wait,2,1.3451
123,07-republican-morning-wait,3,1.3483
124,07-republican-morning-wait,4,1.4372
125,07-republican-morning-wait,5,1.5803
126,07-republican-morning-wait,6,1.376
127,07-republican-morning-wait,7,1.6913
128,07-republican-morning-wait,8,1.4174
129,07-republican-morning-wait,9,1.3261
130,07-republican-morning-wait,10,1.6772
131,07-republican-morning-wait,11,1.5678
132,07-republican-morning-wait,12,1.4008
133,07-republican-morning-wait,13,1.2779
134,07-republican-morning-wait,14,1.2517
135,07-republican-morning-wait,15,1.2441
136,07-republican-morning-wait,16,1.3249
137,07-republican-morning-wait,17,1.289
138,07-republican-morning-wait,18,1.3064
139,07-republican-morning-wait,19,1.4442
140,07-republican-morning-wait,20,1.8524
141,08-republican-closing-pressure,1,1.2465
142,08-republican-closing-pressure,2,1.0176
143,08-republican-closing-pressure,3,1.0713
144,08-republican-closing-pressure,4,1.0246
145,08-republican-closing-pressure,5,1.2016
146,08-republican-closing-pressure,6,1.4359
147,08-republican-closing-pressure,7,1.3821
148,08-republican-closing-pressure,8,1.0442
149,08-republican-closing-pressure,9,0.9681
150,08-republican-closing-pressure,10,0.9706
151,08-republican-closing-pressure,11,1.29
152,08-republican-closing-pressure,12,1.0966
153,08-republican-closing-pressure,13,1.0871
154,08-republican-closing-pressure,14,0.9855
155,08-republican-closing-pressure,15,1.0181
156,08-republican-closing-pressure,16,2.0966
157,08-republican-closing-pressure,17,1.1052
158,08-republican-closing-pressure,18,1.159
159,08-republican-closing-pressure,19,1.0232
160,08-republican-closing-pressure,20,0.9735
161,09-republican-culture-day,1,7.7555
162,09-republican-culture-day,2,7.2753
163,09-republican-culture-day,3,7.3369
164,09-republican-culture-day,4,8.3082
165,09-republican-culture-day,5,8.3001
166,09-republican-culture-day,6,9.5986
167,09-republican-culture-day,7,7.9833
168,09-republican-culture-day,8,9.5615
169,09-republican-culture-day,9,7.9867
170,09-republican-culture-day,10,9.3536
171,09-republican-culture-day,11,12.4428
172,09-republican-culture-day,12,8.8479
173,09-republican-culture-day,13,8.1004
174,09-republican-culture-day,14,7.8493
175,09-republican-culture-day,15,8.688
176,09-republican-culture-day,16,7.9665
177,09-republican-culture-day,17,8.3791
178,09-republican-culture-day,18,8.8353
179,09-republican-culture-day,19,8.3506
180,09-republican-culture-day,20,9.498
181,10-republican-weekend-night,1,3.9317
182,10-republican-weekend-night,2,4.0148
183,10-republican-weekend-night,3,4.124
184,10-republican-weekend-night,4,4.201
185,10-republican-weekend-night,5,4.2374
186,10-republican-weekend-night,6,3.4382
187,10-republican-weekend-night,7,3.3012
188,10-republican-weekend-night,8,3.6419
189,10-republican-weekend-night,9,3.8437
190,10-republican-weekend-night,10,3.9358
191,10-republican-weekend-night,11,3.7262
192,10-republican-weekend-night,12,3.3606
193,10-republican-weekend-night,13,3.5481
194,10-republican-weekend-night,14,3.4767
195,10-republican-weekend-night,15,3.2988
196,10-republican-weekend-night,16,3.7637
197,10-republican-weekend-night,17,3.4501
198,10-republican-weekend-night,18,3.2851
199,10-republican-weekend-night,19,3.2889
200,10-republican-weekend-night,20,3.2162
201,11-qinhuai-rain-short,1,1.9896
202,11-qinhuai-rain-short,2,2.0378
203,11-qinhuai-rain-short,3,2.3076
204,11-qinhuai-rain-short,4,1.9599
205,11-qinhuai-rain-short,5,2.223
206,11-qinhuai-rain-short,6,2.0516
207,11-qinhuai-rain-short,7,2.0198
208,11-qinhuai-rain-short,8,2.516
209,11-qinhuai-rain-short,9,2.072
210,11-qinhuai-rain-short,10,1.97
211,11-qinhuai-rain-short,11,2.5611
212,11-qinhuai-rain-short,12,2.1423
213,11-qinhuai-rain-short,13,2.1325
214,11-qinhuai-rain-short,14,2.3119
215,11-qinhuai-rain-short,15,1.9491
216,11-qinhuai-rain-short,16,2.5439
217,11-qinhuai-rain-short,17,2.1625
218,11-qinhuai-rain-short,18,2.1207
219,11-qinhuai-rain-short,19,3.3002
220,11-qinhuai-rain-short,20,2.3436
221,12-qinhuai-morning-wait,1,1.8758
222,12-qinhuai-morning-wait,2,1.4655
223,12-qinhuai-morning-wait,3,1.3853
224,12-qinhuai-morning-wait,4,1.4147
225,12-qinhuai-morning-wait,5,2.6128
226,12-qinhuai-morning-wait,6,1.5316
227,12-qinhuai-morning-wait,7,1.5093
228,12-qinhuai-morning-wait,8,1.9937
229,12-qinhuai-morning-wait,9,1.7681
230,12-qinhuai-morning-wait,10,1.5912
231,12-qinhuai-morning-wait,11,1.4482
232,12-qinhuai-morning-wait,12,2.2929
233,12-qinhuai-morning-wait,13,1.3826
234,12-qinhuai-morning-wait,14,1.3666
235,12-qinhuai-morning-wait,15,1.6318
236,12-qinhuai-morning-wait,16,1.917
237,12-qinhuai-morning-wait,17,1.8349
238,12-qinhuai-morning-wait,18,1.4026
239,12-qinhuai-morning-wait,19,2.042
240,12-qinhuai-morning-wait,20,1.5999
241,13-qinhuai-closing-pressure,1,0.9554
242,13-qinhuai-closing-pressure,2,0.9082
243,13-qinhuai-closing-pressure,3,0.8561
244,13-qinhuai-closing-pressure,4,1.6312
245,13-qinhuai-closing-pressure,5,0.8603
246,13-qinhuai-closing-pressure,6,0.7856
247,13-qinhuai-closing-pressure,7,0.8161
248,13-qinhuai-closing-pressure,8,1.1917
249,13-qinhuai-closing-pressure,9,0.8693
250,13-qinhuai-closing-pressure,10,1.3446
251,13-qinhuai-closing-pressure,11,0.9691
252,13-qinhuai-closing-pressure,12,0.8272
253,13-qinhuai-closing-pressure,13,0.796
254,13-qinhuai-closing-pressure,14,0.8217
255,13-qinhuai-closing-pressure,15,0.8241
256,13-qinhuai-closing-pressure,16,0.9965
257,13-qinhuai-closing-pressure,17,0.8831
258,13-qinhuai-closing-pressure,18,0.8151
259,13-qinhuai-closing-pressure,19,0.8013
260,13-qinhuai-closing-pressure,20,0.7804
261,14-qinhuai-culture-day,1,8.9843
262,14-qinhuai-culture-day,2,11.0892
263,14-qinhuai-culture-day,3,11.4576
264,14-qinhuai-culture-day,4,8.7203
265,14-qinhuai-culture-day,5,8.8667
266,14-qinhuai-culture-day,6,9.5264
267,14-qinhuai-culture-day,7,9.9336
268,14-qinhuai-culture-day,8,9.8583
269,14-qinhuai-culture-day,9,10.8634
270,14-qinhuai-culture-day,10,8.4123
271,14-qinhuai-culture-day,11,9.2974
272,14-qinhuai-culture-day,12,8.7169
273,14-qinhuai-culture-day,13,9.0416
274,14-qinhuai-culture-day,14,14.734
275,14-qinhuai-culture-day,15,9.7471
276,14-qinhuai-culture-day,16,11.4025
277,14-qinhuai-culture-day,17,13.7981
278,14-qinhuai-culture-day,18,15.3953
279,14-qinhuai-culture-day,19,12.1964
280,14-qinhuai-culture-day,20,10.4394
281,15-qinhuai-weekend-night,1,3.4676
282,15-qinhuai-weekend-night,2,2.2702
283,15-qinhuai-weekend-night,3,3.0537
284,15-qinhuai-weekend-night,4,3.954
285,15-qinhuai-weekend-night,5,3.5218
286,15-qinhuai-weekend-night,6,4.4406
287,15-qinhuai-weekend-night,7,3.9347
288,15-qinhuai-weekend-night,8,3.9538
289,15-qinhuai-weekend-night,9,2.8178
290,15-qinhuai-weekend-night,10,3.3977
291,15-qinhuai-weekend-night,11,3.6272
292,15-qinhuai-weekend-night,12,3.2199
293,15-qinhuai-weekend-night,13,2.0638
294,15-qinhuai-weekend-night,14,2.5307
295,15-qinhuai-weekend-night,15,2.0377
296,15-qinhuai-weekend-night,16,2.1122
297,15-qinhuai-weekend-night,17,1.9887
298,15-qinhuai-weekend-night,18,1.9998
299,15-qinhuai-weekend-night,19,2.4883
300,15-qinhuai-weekend-night,20,3.921
301,16-ming-wall-rain-short,1,4.7471
302,16-ming-wall-rain-short,2,5.0374
303,16-ming-wall-rain-short,3,3.2786
304,16-ming-wall-rain-short,4,3.6407
305,16-ming-wall-rain-short,5,2.5933
306,16-ming-wall-rain-short,6,3.451
307,16-ming-wall-rain-short,7,3.2243
308,16-ming-wall-rain-short,8,2.7803
309,16-ming-wall-rain-short,9,2.6775
310,16-ming-wall-rain-short,10,3.69
311,16-ming-wall-rain-short,11,2.6508
312,16-ming-wall-rain-short,12,3.6659
313,16-ming-wall-rain-short,13,2.8538
314,16-ming-wall-rain-short,14,3.8098
315,16-ming-wall-rain-short,15,4.1355
316,16-ming-wall-rain-short,16,3.4234
317,16-ming-wall-rain-short,17,3.2886
318,16-ming-wall-rain-short,18,2.8438
319,16-ming-wall-rain-short,19,3.964
320,16-ming-wall-rain-short,20,2.5952
321,17-ming-wall-morning-wait,1,1.2421
322,17-ming-wall-morning-wait,2,1.7619
323,17-ming-wall-morning-wait,3,1.9179
324,17-ming-wall-morning-wait,4,2.3121
325,17-ming-wall-morning-wait,5,2.1742
326,17-ming-wall-morning-wait,6,1.7989
327,17-ming-wall-morning-wait,7,1.4927
328,17-ming-wall-morning-wait,8,2.0947
329,17-ming-wall-morning-wait,9,1.9549
330,17-ming-wall-morning-wait,10,1.9422
331,17-ming-wall-morning-wait,11,1.4174
332,17-ming-wall-morning-wait,12,1.2414
333,17-ming-wall-morning-wait,13,1.2059
334,17-ming-wall-morning-wait,14,1.1848
335,17-ming-wall-morning-wait,15,1.8112
336,17-ming-wall-morning-wait,16,1.158
337,17-ming-wall-morning-wait,17,1.1263
338,17-ming-wall-morning-wait,18,1.1214
339,17-ming-wall-morning-wait,19,1.2014
340,17-ming-wall-morning-wait,20,1.3947
341,18-ming-wall-closing-pressure,1,0.9828
342,18-ming-wall-closing-pressure,2,0.9733
343,18-ming-wall-closing-pressure,3,0.871
344,18-ming-wall-closing-pressure,4,0.8331
345,18-ming-wall-closing-pressure,5,0.9654
346,18-ming-wall-closing-pressure,6,1.3808
347,18-ming-wall-closing-pressure,7,0.9188
348,18-ming-wall-closing-pressure,8,0.8434
349,18-ming-wall-closing-pressure,9,0.8741
350,18-ming-wall-closing-pressure,10,0.8809
351,18-ming-wall-closing-pressure,11,0.8637
352,18-ming-wall-closing-pressure,12,0.9449
353,18-ming-wall-closing-pressure,13,0.8486
354,18-ming-wall-closing-pressure,14,0.8977
355,18-ming-wall-closing-pressure,15,0.8476
356,18-ming-wall-closing-pressure,16,0.8392
357,18-ming-wall-closing-pressure,17,2.3178
358,18-ming-wall-closing-pressure,18,1.4715
359,18-ming-wall-closing-pressure,19,0.9014
360,18-ming-wall-closing-pressure,20,0.969
361,19-ming-wall-culture-day,1,6.3603
362,19-ming-wall-culture-day,2,6.1901
363,19-ming-wall-culture-day,3,5.0985
364,19-ming-wall-culture-day,4,6.5213
365,19-ming-wall-culture-day,5,5.6158
366,19-ming-wall-culture-day,6,5.0223
367,19-ming-wall-culture-day,7,5.114
368,19-ming-wall-culture-day,8,5.4436
369,19-ming-wall-culture-day,9,5.1791
370,19-ming-wall-culture-day,10,5.1609
371,19-ming-wall-culture-day,11,5.6809
372,19-ming-wall-culture-day,12,5.1056
373,19-ming-wall-culture-day,13,5.1979
374,19-ming-wall-culture-day,14,5.2308
375,19-ming-wall-culture-day,15,5.5785
376,19-ming-wall-culture-day,16,5.1345
377,19-ming-wall-culture-day,17,5.5629
378,19-ming-wall-culture-day,18,6.6031
379,19-ming-wall-culture-day,19,4.9184
380,19-ming-wall-culture-day,20,5.2931
381,20-ming-wall-weekend-night,1,2.2929
382,20-ming-wall-weekend-night,2,2.1031
383,20-ming-wall-weekend-night,3,2.407
384,20-ming-wall-weekend-night,4,2.4718
385,20-ming-wall-weekend-night,5,2.2927
386,20-ming-wall-weekend-night,6,2.6831
387,20-ming-wall-weekend-night,7,2.2877
388,20-ming-wall-weekend-night,8,2.202
389,20-ming-wall-weekend-night,9,2.5308
390,20-ming-wall-weekend-night,10,2.1842
391,20-ming-wall-weekend-night,11,2.1421
392,20-ming-wall-weekend-night,12,2.6124
393,20-ming-wall-weekend-night,13,2.2205
394,20-ming-wall-weekend-night,14,2.2943
395,20-ming-wall-weekend-night,15,2.1505
396,20-ming-wall-weekend-night,16,2.1259
397,20-ming-wall-weekend-night,17,2.3721
398,20-ming-wall-weekend-night,18,2.1921
399,20-ming-wall-weekend-night,19,2.9888
400,20-ming-wall-weekend-night,20,2.3146
401,21-zhongshan-rain-short,1,2.2769
402,21-zhongshan-rain-short,2,2.4967
403,21-zhongshan-rain-short,3,2.1227
404,21-zhongshan-rain-short,4,2.2593
405,21-zhongshan-rain-short,5,2.3543
406,21-zhongshan-rain-short,6,2.286
407,21-zhongshan-rain-short,7,2.6712
408,21-zhongshan-rain-short,8,2.6934
409,21-zhongshan-rain-short,9,2.3794
410,21-zhongshan-rain-short,10,2.2754
411,21-zhongshan-rain-short,11,2.146
412,21-zhongshan-rain-short,12,2.616
413,21-zhongshan-rain-short,13,2.2634
414,21-zhongshan-rain-short,14,2.3277
415,21-zhongshan-rain-short,15,2.4087
416,21-zhongshan-rain-short,16,2.5224
417,21-zhongshan-rain-short,17,2.3541
418,21-zhongshan-rain-short,18,2.3795
419,21-zhongshan-rain-short,19,2.0667
420,21-zhongshan-rain-short,20,2.553
421,22-zhongshan-morning-wait,1,1.3999
422,22-zhongshan-morning-wait,2,1.3752
423,22-zhongshan-morning-wait,3,1.7222
424,22-zhongshan-morning-wait,4,1.6385
425,22-zhongshan-morning-wait,5,1.6532
426,22-zhongshan-morning-wait,6,1.3979
427,22-zhongshan-morning-wait,7,1.7475
428,22-zhongshan-morning-wait,8,1.4472
429,22-zhongshan-morning-wait,9,1.3697
430,22-zhongshan-morning-wait,10,1.3994
431,22-zhongshan-morning-wait,11,1.6439
432,22-zhongshan-morning-wait,12,1.4275
433,22-zhongshan-morning-wait,13,1.3343
434,22-zhongshan-morning-wait,14,1.5334
435,22-zhongshan-morning-wait,15,1.6797
436,22-zhongshan-morning-wait,16,1.4348
437,22-zhongshan-morning-wait,17,1.4511
438,22-zhongshan-morning-wait,18,1.7253
439,22-zhongshan-morning-wait,19,1.5789
440,22-zhongshan-morning-wait,20,1.5739
441,23-zhongshan-closing-pressure,1,1.0933
442,23-zhongshan-closing-pressure,2,1.117
443,23-zhongshan-closing-pressure,3,1.0641
444,23-zhongshan-closing-pressure,4,1.2532
445,23-zhongshan-closing-pressure,5,1.2129
446,23-zhongshan-closing-pressure,6,1.241
447,23-zhongshan-closing-pressure,7,1.0866
448,23-zhongshan-closing-pressure,8,1.0793
449,23-zhongshan-closing-pressure,9,1.7008
450,23-zhongshan-closing-pressure,10,1.179
451,23-zhongshan-closing-pressure,11,1.2629
452,23-zhongshan-closing-pressure,12,1.5221
453,23-zhongshan-closing-pressure,13,1.5942
454,23-zhongshan-closing-pressure,14,1.69
455,23-zhongshan-closing-pressure,15,1.5845
456,23-zhongshan-closing-pressure,16,1.5415
457,23-zhongshan-closing-pressure,17,1.3452
458,23-zhongshan-closing-pressure,18,1.1179
459,23-zhongshan-closing-pressure,19,1.0392
460,23-zhongshan-closing-pressure,20,1.2107
461,24-zhongshan-culture-day,1,7.7259
462,24-zhongshan-culture-day,2,7.7393
463,24-zhongshan-culture-day,3,8.297
464,24-zhongshan-culture-day,4,8.3775
465,24-zhongshan-culture-day,5,7.4421
466,24-zhongshan-culture-day,6,8.8503
467,24-zhongshan-culture-day,7,7.2075
468,24-zhongshan-culture-day,8,8.6577
469,24-zhongshan-culture-day,9,8.0261
470,24-zhongshan-culture-day,10,7.4144
471,24-zhongshan-culture-day,11,8.0584
472,24-zhongshan-culture-day,12,7.6385
473,24-zhongshan-culture-day,13,7.7404
474,24-zhongshan-culture-day,14,7.2441
475,24-zhongshan-culture-day,15,8.3464
476,24-zhongshan-culture-day,16,7.7061
477,24-zhongshan-culture-day,17,7.1932
478,24-zhongshan-culture-day,18,7.6324
479,24-zhongshan-culture-day,19,7.0808
480,24-zhongshan-culture-day,20,7.3324
481,25-zhongshan-weekend-night,1,2.9164
482,25-zhongshan-weekend-night,2,2.7658
483,25-zhongshan-weekend-night,3,2.6084
484,25-zhongshan-weekend-night,4,2.6935
485,25-zhongshan-weekend-night,5,2.9627
486,25-zhongshan-weekend-night,6,3.4127
487,25-zhongshan-weekend-night,7,2.7763
488,25-zhongshan-weekend-night,8,2.8795
489,25-zhongshan-weekend-night,9,2.6125
490,25-zhongshan-weekend-night,10,2.8967
491,25-zhongshan-weekend-night,11,2.9864
492,25-zhongshan-weekend-night,12,2.8162
493,25-zhongshan-weekend-night,13,2.6364
494,25-zhongshan-weekend-night,14,2.4946
495,25-zhongshan-weekend-night,15,2.9488
496,25-zhongshan-weekend-night,16,2.7227
497,25-zhongshan-weekend-night,17,3.7854
498,25-zhongshan-weekend-night,18,3.2551
499,25-zhongshan-weekend-night,19,3.2271
500,25-zhongshan-weekend-night,20,2.7589
501,26-museum-rain-short,1,2.6644
502,26-museum-rain-short,2,2.4831
503,26-museum-rain-short,3,2.5
504,26-museum-rain-short,4,2.7019
505,26-museum-rain-short,5,2.441
506,26-museum-rain-short,6,2.4223
507,26-museum-rain-short,7,3.2919
508,26-museum-rain-short,8,3.2179
509,26-museum-rain-short,9,2.7785
510,26-museum-rain-short,10,3.3405
511,26-museum-rain-short,11,2.6027
512,26-museum-rain-short,12,3.737
513,26-museum-rain-short,13,3.6344
514,26-museum-rain-short,14,2.5586
515,26-museum-rain-short,15,2.5096
516,26-museum-rain-short,16,2.3544
517,26-museum-rain-short,17,2.2728
518,26-museum-rain-short,18,2.5467
519,26-museum-rain-short,19,2.4838
520,26-museum-rain-short,20,2.8621
521,27-museum-morning-wait,1,0.9697
522,27-museum-morning-wait,2,0.9416
523,27-museum-morning-wait,3,0.9048
524,27-museum-morning-wait,4,0.8827
525,27-museum-morning-wait,5,0.9429
526,27-museum-morning-wait,6,1.022
527,27-museum-morning-wait,7,0.989
528,27-museum-morning-wait,8,0.9581
529,27-museum-morning-wait,9,0.9179
530,27-museum-morning-wait,10,0.9487
531,27-museum-morning-wait,11,0.9676
532,27-museum-morning-wait,12,0.9529
533,27-museum-morning-wait,13,0.9428
534,27-museum-morning-wait,14,0.9608
535,27-museum-morning-wait,15,0.9084
536,27-museum-morning-wait,16,0.9392
537,27-museum-morning-wait,17,0.8907
538,27-museum-morning-wait,18,0.9136
539,27-museum-morning-wait,19,0.9599
540,27-museum-morning-wait,20,1.0153
541,28-museum-closing-pressure,1,0.0023
542,28-museum-closing-pressure,2,0.0013
543,28-museum-closing-pressure,3,0.0012
544,28-museum-closing-pressure,4,0.0012
545,28-museum-closing-pressure,5,0.0012
546,28-museum-closing-pressure,6,0.001
547,28-museum-closing-pressure,7,0.0011
548,28-museum-closing-pressure,8,0.001
549,28-museum-closing-pressure,9,0.0012
550,28-museum-closing-pressure,10,0.001
551,28-museum-closing-pressure,11,0.0011
552,28-museum-closing-pressure,12,0.0011
553,28-museum-closing-pressure,13,0.0018
554,28-museum-closing-pressure,14,0.0011
555,28-museum-closing-pressure,15,0.001
556,28-museum-closing-pressure,16,0.0011
557,28-museum-closing-pressure,17,0.0009
558,28-museum-closing-pressure,18,0.001
559,28-museum-closing-pressure,19,0.0009
560,28-museum-closing-pressure,20,0.001
561,29-museum-culture-day,1,6.3932
562,29-museum-culture-day,2,6.6232
563,29-museum-culture-day,3,6.1916
564,29-museum-culture-day,4,6.6835
565,29-museum-culture-day,5,6.0058
566,29-museum-culture-day,6,5.8414
567,29-museum-culture-day,7,6.2463
568,29-museum-culture-day,8,6.3534
569,29-museum-culture-day,9,6.074
570,29-museum-culture-day,10,6.4799
571,29-museum-culture-day,11,5.7894
572,29-museum-culture-day,12,5.9944
573,29-museum-culture-day,13,5.9043
574,29-museum-culture-day,14,6.7413
575,29-museum-culture-day,15,6.4256
576,29-museum-culture-day,16,6.4169
577,29-museum-culture-day,17,6.3978
578,29-museum-culture-day,18,6.6584
579,29-museum-culture-day,19,7.2852
580,29-museum-culture-day,20,6.09
581,30-museum-weekend-night,1,2.5348
582,30-museum-weekend-night,2,2.8307
583,30-museum-weekend-night,3,2.3969
584,30-museum-weekend-night,4,2.2965
585,30-museum-weekend-night,5,2.6617
586,30-museum-weekend-night,6,2.2774
587,30-museum-weekend-night,7,2.4786
588,30-museum-weekend-night,8,2.7683
589,30-museum-weekend-night,9,2.5592
590,30-museum-weekend-night,10,3.3207
591,30-museum-weekend-night,11,2.5159
592,30-museum-weekend-night,12,3.5188
593,30-museum-weekend-night,13,2.5212
594,30-museum-weekend-night,14,2.9573
595,30-museum-weekend-night,15,2.4405
596,30-museum-weekend-night,16,2.5705
597,30-museum-weekend-night,17,2.2906
598,30-museum-weekend-night,18,2.2913
599,30-museum-weekend-night,19,2.6967
600,30-museum-weekend-night,20,2.7476
601,31-buddhist-rain-short,1,3.1204
602,31-buddhist-rain-short,2,2.7789
603,31-buddhist-rain-short,3,3.1817
604,31-buddhist-rain-short,4,2.6684
605,31-buddhist-rain-short,5,3.348
606,31-buddhist-rain-short,6,4.0294
607,31-buddhist-rain-short,7,2.9427
608,31-buddhist-rain-short,8,2.677
609,31-buddhist-rain-short,9,2.8035
610,31-buddhist-rain-short,10,2.6792
611,31-buddhist-rain-short,11,3.036
612,31-buddhist-rain-short,12,2.6718
613,31-buddhist-rain-short,13,3.6665
614,31-buddhist-rain-short,14,2.7295
615,31-buddhist-rain-short,15,3.2588
616,31-buddhist-rain-short,16,2.7976
617,31-buddhist-rain-short,17,3.5448
618,31-buddhist-rain-short,18,2.6517
619,31-buddhist-rain-short,19,2.8165
620,31-buddhist-rain-short,20,3.0258
621,32-buddhist-morning-wait,1,2.0153
622,32-buddhist-morning-wait,2,1.418
623,32-buddhist-morning-wait,3,1.3427
624,32-buddhist-morning-wait,4,1.3315
625,32-buddhist-morning-wait,5,1.4343
626,32-buddhist-morning-wait,6,1.3886
627,32-buddhist-morning-wait,7,1.2912
628,32-buddhist-morning-wait,8,1.2913
629,32-buddhist-morning-wait,9,1.3355
630,32-buddhist-morning-wait,10,1.3375
631,32-buddhist-morning-wait,11,1.5513
632,32-buddhist-morning-wait,12,1.3831
633,32-buddhist-morning-wait,13,1.297
634,32-buddhist-morning-wait,14,1.3666
635,32-buddhist-morning-wait,15,1.3357
636,32-buddhist-morning-wait,16,1.2855
637,32-buddhist-morning-wait,17,1.2607
638,32-buddhist-morning-wait,18,1.2953
639,32-buddhist-morning-wait,19,1.5909
640,32-buddhist-morning-wait,20,1.3165
641,33-buddhist-closing-pressure,1,0.0025
642,33-buddhist-closing-pressure,2,0.0014
643,33-buddhist-closing-pressure,3,0.0011
644,33-buddhist-closing-pressure,4,0.0011
645,33-buddhist-closing-pressure,5,0.0011
646,33-buddhist-closing-pressure,6,0.001
647,33-buddhist-closing-pressure,7,0.0011
648,33-buddhist-closing-pressure,8,0.0022
649,33-buddhist-closing-pressure,9,0.001
650,33-buddhist-closing-pressure,10,0.001
651,33-buddhist-closing-pressure,11,0.001
652,33-buddhist-closing-pressure,12,0.001
653,33-buddhist-closing-pressure,13,0.0011
654,33-buddhist-closing-pressure,14,0.001
655,33-buddhist-closing-pressure,15,0.0011
656,33-buddhist-closing-pressure,16,0.001
657,33-buddhist-closing-pressure,17,0.001
658,33-buddhist-closing-pressure,18,0.001
659,33-buddhist-closing-pressure,19,0.001
660,33-buddhist-closing-pressure,20,0.001
661,34-buddhist-culture-day,1,3.8211
662,34-buddhist-culture-day,2,3.6571
663,34-buddhist-culture-day,3,3.7475
664,34-buddhist-culture-day,4,3.504
665,34-buddhist-culture-day,5,4.1407
666,34-buddhist-culture-day,6,4.1638
667,34-buddhist-culture-day,7,3.4622
668,34-buddhist-culture-day,8,3.7569
669,34-buddhist-culture-day,9,4.3136
670,34-buddhist-culture-day,10,3.8161
671,34-buddhist-culture-day,11,3.7624
672,34-buddhist-culture-day,12,3.583
673,34-buddhist-culture-day,13,3.9048
674,34-buddhist-culture-day,14,3.7013
675,34-buddhist-culture-day,15,3.7553
676,34-buddhist-culture-day,16,3.533
677,34-buddhist-culture-day,17,3.9889
678,34-buddhist-culture-day,18,3.8819
679,34-buddhist-culture-day,19,4.0757
680,34-buddhist-culture-day,20,4.2826
681,35-buddhist-weekend-night,1,2.6239
682,35-buddhist-weekend-night,2,2.5204
683,35-buddhist-weekend-night,3,2.7094
684,35-buddhist-weekend-night,4,2.5492
685,35-buddhist-weekend-night,5,2.741
686,35-buddhist-weekend-night,6,2.4222
687,35-buddhist-weekend-night,7,3.268
688,35-buddhist-weekend-night,8,2.5898
689,35-buddhist-weekend-night,9,2.7773
690,35-buddhist-weekend-night,10,2.7944
691,35-buddhist-weekend-night,11,2.7718
692,35-buddhist-weekend-night,12,2.7135
693,35-buddhist-weekend-night,13,3.1087
694,35-buddhist-weekend-night,14,2.5341
695,35-buddhist-weekend-night,15,2.9711
696,35-buddhist-weekend-night,16,2.802
697,35-buddhist-weekend-night,17,2.4811
698,35-buddhist-weekend-night,18,2.8104
699,35-buddhist-weekend-night,19,2.5657
700,35-buddhist-weekend-night,20,2.8334
701,36-lake-rain-short,1,2.6114
702,36-lake-rain-short,2,2.4436
703,36-lake-rain-short,3,2.9076
704,36-lake-rain-short,4,2.7218
705,36-lake-rain-short,5,2.6739
706,36-lake-rain-short,6,2.4369
707,36-lake-rain-short,7,2.7835
708,36-lake-rain-short,8,2.5032
709,36-lake-rain-short,9,2.9436
710,36-lake-rain-short,10,3.0294
711,36-lake-rain-short,11,2.7851
712,36-lake-rain-short,12,2.6998
713,36-lake-rain-short,13,2.487
714,36-lake-rain-short,14,2.808
715,36-lake-rain-short,15,2.5681
716,36-lake-rain-short,16,2.8533
717,36-lake-rain-short,17,2.4865
718,36-lake-rain-short,18,2.903
719,36-lake-rain-short,19,2.4392
720,36-lake-rain-short,20,2.7734
721,37-lake-morning-wait,1,1.2788
722,37-lake-morning-wait,2,1.4324
723,37-lake-morning-wait,3,1.3044
724,37-lake-morning-wait,4,1.4706
725,37-lake-morning-wait,5,1.9436
726,37-lake-morning-wait,6,1.2435
727,37-lake-morning-wait,7,1.2495
728,37-lake-morning-wait,8,1.2023
729,37-lake-morning-wait,9,1.4858
730,37-lake-morning-wait,10,1.3779
731,37-lake-morning-wait,11,1.5853
732,37-lake-morning-wait,12,1.3443
733,37-lake-morning-wait,13,1.8615
734,37-lake-morning-wait,14,1.3631
735,37-lake-morning-wait,15,1.4132
736,37-lake-morning-wait,16,1.2812
737,37-lake-morning-wait,17,1.5325
738,37-lake-morning-wait,18,1.5401
739,37-lake-morning-wait,19,1.3063
740,37-lake-morning-wait,20,1.2629
741,38-lake-closing-pressure,1,1.5892
742,38-lake-closing-pressure,2,1.3287
743,38-lake-closing-pressure,3,1.0191
744,38-lake-closing-pressure,4,1.0747
745,38-lake-closing-pressure,5,1.0056
746,38-lake-closing-pressure,6,1.1159
747,38-lake-closing-pressure,7,1.3432
748,38-lake-closing-pressure,8,1.2042
749,38-lake-closing-pressure,9,1.1503
750,38-lake-closing-pressure,10,1.4606
751,38-lake-closing-pressure,11,1.0496
752,38-lake-closing-pressure,12,1.1991
753,38-lake-closing-pressure,13,1.1109
754,38-lake-closing-pressure,14,1.0611
755,38-lake-closing-pressure,15,0.9957
756,38-lake-closing-pressure,16,1.0054
757,38-lake-closing-pressure,17,1.0901
758,38-lake-closing-pressure,18,1.0595
759,38-lake-closing-pressure,19,1.049
760,38-lake-closing-pressure,20,1.0353
761,39-lake-culture-day,1,5.322
762,39-lake-culture-day,2,6.0595
763,39-lake-culture-day,3,5.7024
764,39-lake-culture-day,4,5.6939
765,39-lake-culture-day,5,5.7431
766,39-lake-culture-day,6,5.3302
767,39-lake-culture-day,7,5.4659
768,39-lake-culture-day,8,6.1739
769,39-lake-culture-day,9,5.7775
770,39-lake-culture-day,10,5.2658
771,39-lake-culture-day,11,5.9713
772,39-lake-culture-day,12,5.7887
773,39-lake-culture-day,13,5.3988
774,39-lake-culture-day,14,5.8429
775,39-lake-culture-day,15,5.607
776,39-lake-culture-day,16,5.696
777,39-lake-culture-day,17,5.4728
778,39-lake-culture-day,18,5.4774
779,39-lake-culture-day,19,5.5141
780,39-lake-culture-day,20,5.4549
781,40-lake-weekend-night,1,3.913
782,40-lake-weekend-night,2,3.8761
783,40-lake-weekend-night,3,3.9589
784,40-lake-weekend-night,4,3.8722
785,40-lake-weekend-night,5,3.8702
786,40-lake-weekend-night,6,4.3471
787,40-lake-weekend-night,7,4.039
788,40-lake-weekend-night,8,3.7585
789,40-lake-weekend-night,9,3.7749
790,40-lake-weekend-night,10,3.9064
791,40-lake-weekend-night,11,4.3086
792,40-lake-weekend-night,12,4.1291
793,40-lake-weekend-night,13,3.756
794,40-lake-weekend-night,14,4.133
795,40-lake-weekend-night,15,4.5223
796,40-lake-weekend-night,16,3.4888
797,40-lake-weekend-night,17,4.1174
798,40-lake-weekend-night,18,4.841
799,40-lake-weekend-night,19,3.6563
800,40-lake-weekend-night,20,3.7903
801,41-low-energy-rain-short,1,2.2163
802,41-low-energy-rain-short,2,2.5444
803,41-low-energy-rain-short,3,2.7752
804,41-low-energy-rain-short,4,2.605
805,41-low-energy-rain-short,5,2.5578
806,41-low-energy-rain-short,6,2.4193
807,41-low-energy-rain-short,7,2.9458
808,41-low-energy-rain-short,8,2.4608
809,41-low-energy-rain-short,9,2.4287
810,41-low-energy-rain-short,10,2.3394
811,41-low-energy-rain-short,11,2.387
812,41-low-energy-rain-short,12,2.2956
813,41-low-energy-rain-short,13,2.1771
814,41-low-energy-rain-short,14,2.5121
815,41-low-energy-rain-short,15,2.6474
816,41-low-energy-rain-short,16,2.7287
817,41-low-energy-rain-short,17,2.4825
818,41-low-energy-rain-short,18,2.5099
819,41-low-energy-rain-short,19,2.9862
820,41-low-energy-rain-short,20,2.3159
821,42-low-energy-morning-wait,1,1.4537
822,42-low-energy-morning-wait,2,1.9328
823,42-low-energy-morning-wait,3,1.4036
824,42-low-energy-morning-wait,4,1.3125
825,42-low-energy-morning-wait,5,1.5117
826,42-low-energy-morning-wait,6,1.7577
827,42-low-energy-morning-wait,7,1.3351
828,42-low-energy-morning-wait,8,1.2619
829,42-low-energy-morning-wait,9,1.2364
830,42-low-energy-morning-wait,10,1.3816
831,42-low-energy-morning-wait,11,1.3102
832,42-low-energy-morning-wait,12,1.3384
833,42-low-energy-morning-wait,13,1.4005
834,42-low-energy-morning-wait,14,1.6621
835,42-low-energy-morning-wait,15,1.4576
836,42-low-energy-morning-wait,16,1.551
837,42-low-energy-morning-wait,17,1.3014
838,42-low-energy-morning-wait,18,1.6966
839,42-low-energy-morning-wait,19,1.6623
840,42-low-energy-morning-wait,20,1.2398
841,43-low-energy-closing-pressure,1,0.9409
842,43-low-energy-closing-pressure,2,1.2365
843,43-low-energy-closing-pressure,3,1.1627
844,43-low-energy-closing-pressure,4,0.9336
845,43-low-energy-closing-pressure,5,0.9286
846,43-low-energy-closing-pressure,6,0.9163
847,43-low-energy-closing-pressure,7,0.919
848,43-low-energy-closing-pressure,8,0.9031
849,43-low-energy-closing-pressure,9,0.9909
850,43-low-energy-closing-pressure,10,0.9813
851,43-low-energy-closing-pressure,11,1.0068
852,43-low-energy-closing-pressure,12,0.9277
853,43-low-energy-closing-pressure,13,0.892
854,43-low-energy-closing-pressure,14,0.9236
855,43-low-energy-closing-pressure,15,0.9709
856,43-low-energy-closing-pressure,16,0.9568
857,43-low-energy-closing-pressure,17,0.91
858,43-low-energy-closing-pressure,18,0.884
859,43-low-energy-closing-pressure,19,1.1161
860,43-low-energy-closing-pressure,20,1.2141
861,44-low-energy-culture-day,1,7.4863
862,44-low-energy-culture-day,2,7.2819
863,44-low-energy-culture-day,3,7.5158
864,44-low-energy-culture-day,4,6.8424
865,44-low-energy-culture-day,5,7.608
866,44-low-energy-culture-day,6,7.2166
867,44-low-energy-culture-day,7,7.294
868,44-low-energy-culture-day,8,7.7172
869,44-low-energy-culture-day,9,7.0475
870,44-low-energy-culture-day,10,7.4985
871,44-low-energy-culture-day,11,6.7769
872,44-low-energy-culture-day,12,7.1676
873,44-low-energy-culture-day,13,6.9396
874,44-low-energy-culture-day,14,7.4978
875,44-low-energy-culture-day,15,8.6571
876,44-low-energy-culture-day,16,6.6584
877,44-low-energy-culture-day,17,8.0013
878,44-low-energy-culture-day,18,8.3778
879,44-low-energy-culture-day,19,8.4797
880,44-low-energy-culture-day,20,7.2908
881,45-low-energy-weekend-night,1,3.0637
882,45-low-energy-weekend-night,2,3.2064
883,45-low-energy-weekend-night,3,3.2214
884,45-low-energy-weekend-night,4,3.6086
885,45-low-energy-weekend-night,5,3.9536
886,45-low-energy-weekend-night,6,3.9468
887,45-low-energy-weekend-night,7,4.0354
888,45-low-energy-weekend-night,8,3.8683
889,45-low-energy-weekend-night,9,3.8801
890,45-low-energy-weekend-night,10,3.351
891,45-low-energy-weekend-night,11,3.5768
892,45-low-energy-weekend-night,12,3.3434
893,45-low-energy-weekend-night,13,3.9353
894,45-low-energy-weekend-night,14,3.0291
895,45-low-energy-weekend-night,15,3.6053
896,45-low-energy-weekend-night,16,4.8193
897,45-low-energy-weekend-night,17,3.0567
898,45-low-energy-weekend-night,18,3.1767
899,45-low-energy-weekend-night,19,3.2157
900,45-low-energy-weekend-night,20,3.7006
901,46-accessible-rain-short,1,3.0759
902,46-accessible-rain-short,2,2.5738
903,46-accessible-rain-short,3,2.3372
904,46-accessible-rain-short,4,2.5324
905,46-accessible-rain-short,5,2.6322
906,46-accessible-rain-short,6,2.5107
907,46-accessible-rain-short,7,2.9696
908,46-accessible-rain-short,8,2.7345
909,46-accessible-rain-short,9,2.6195
910,46-accessible-rain-short,10,2.4757
911,46-accessible-rain-short,11,2.4915
912,46-accessible-rain-short,12,2.4364
913,46-accessible-rain-short,13,2.4918
914,46-accessible-rain-short,14,2.5322
915,46-accessible-rain-short,15,2.3347
916,46-accessible-rain-short,16,2.9782
917,46-accessible-rain-short,17,2.6098
918,46-accessible-rain-short,18,2.7795
919,46-accessible-rain-short,19,2.7851
920,46-accessible-rain-short,20,2.4744
921,47-accessible-morning-wait,1,1.1158
922,47-accessible-morning-wait,2,0.997
923,47-accessible-morning-wait,3,0.9546
924,47-accessible-morning-wait,4,0.9311
925,47-accessible-morning-wait,5,0.9678
926,47-accessible-morning-wait,6,0.9573
927,47-accessible-morning-wait,7,1.3243
928,47-accessible-morning-wait,8,1.1708
929,47-accessible-morning-wait,9,1.1351
930,47-accessible-morning-wait,10,1.0979
931,47-accessible-morning-wait,11,1.0419
932,47-accessible-morning-wait,12,1.5176
933,47-accessible-morning-wait,13,1.1949
934,47-accessible-morning-wait,14,1.0824
935,47-accessible-morning-wait,15,1.0579
936,47-accessible-morning-wait,16,1.0647
937,47-accessible-morning-wait,17,1.3146
938,47-accessible-morning-wait,18,1.0665
939,47-accessible-morning-wait,19,0.996
940,47-accessible-morning-wait,20,1.1003
941,48-accessible-closing-pressure,1,0.0026
942,48-accessible-closing-pressure,2,0.0012
943,48-accessible-closing-pressure,3,0.0011
944,48-accessible-closing-pressure,4,0.001
945,48-accessible-closing-pressure,5,0.001
946,48-accessible-closing-pressure,6,0.0009
947,48-accessible-closing-pressure,7,0.0009
948,48-accessible-closing-pressure,8,0.0009
949,48-accessible-closing-pressure,9,0.0009
950,48-accessible-closing-pressure,10,0.001
951,48-accessible-closing-pressure,11,0.0009
952,48-accessible-closing-pressure,12,0.0009
953,48-accessible-closing-pressure,13,0.0009
954,48-accessible-closing-pressure,14,0.0009
955,48-accessible-closing-pressure,15,0.0009
956,48-accessible-closing-pressure,16,0.0009
957,48-accessible-closing-pressure,17,0.0009
958,48-accessible-closing-pressure,18,0.0009
959,48-accessible-closing-pressure,19,0.0009
960,48-accessible-closing-pressure,20,0.0009
961,49-accessible-culture-day,1,5.3317
962,49-accessible-culture-day,2,5.3943
963,49-accessible-culture-day,3,5.0979
964,49-accessible-culture-day,4,4.8694
965,49-accessible-culture-day,5,4.8757
966,49-accessible-culture-day,6,4.8893
967,49-accessible-culture-day,7,5.6092
968,49-accessible-culture-day,8,5.3062
969,49-accessible-culture-day,9,4.9524
970,49-accessible-culture-day,10,5.5032
971,49-accessible-culture-day,11,5.436
972,49-accessible-culture-day,12,4.7574
973,49-accessible-culture-day,13,4.9243
974,49-accessible-culture-day,14,5.0253
975,49-accessible-culture-day,15,5.0118
976,49-accessible-culture-day,16,5.9251
977,49-accessible-culture-day,17,6.7256
978,49-accessible-culture-day,18,5.0962
979,49-accessible-culture-day,19,5.045
980,49-accessible-culture-day,20,5.1712
981,50-accessible-weekend-night,1,2.7096
982,50-accessible-weekend-night,2,2.8621
983,50-accessible-weekend-night,3,2.9567
984,50-accessible-weekend-night,4,2.5324
985,50-accessible-weekend-night,5,2.8427
986,50-accessible-weekend-night,6,2.5765
987,50-accessible-weekend-night,7,3.7738
988,50-accessible-weekend-night,8,2.8302
989,50-accessible-weekend-night,9,3.0231
990,50-accessible-weekend-night,10,2.7815
991,50-accessible-weekend-night,11,2.7284
992,50-accessible-weekend-night,12,2.6996
993,50-accessible-weekend-night,13,3.026
994,50-accessible-weekend-night,14,2.6041
995,50-accessible-weekend-night,15,2.683
996,50-accessible-weekend-night,16,2.9135
997,50-accessible-weekend-night,17,2.6307
998,50-accessible-weekend-night,18,2.7832
999,50-accessible-weekend-night,19,2.5591
1000,50-accessible-weekend-night,20,2.9134
1001,51-night-rain-short,1,2.7177
1002,51-night-rain-short,2,2.8167
1003,51-night-rain-short,3,2.6835
1004,51-night-rain-short,4,2.9321
1005,51-night-rain-short,5,2.6218
1006,51-night-rain-short,6,2.9691
1007,51-night-rain-short,7,2.6544
1008,51-night-rain-short,8,2.5334
1009,51-night-rain-short,9,3.4253
1010,51-night-rain-short,10,2.4488
1011,51-night-rain-short,11,2.8644
1012,51-night-rain-short,12,2.5034
1013,51-night-rain-short,13,2.7779
1014,51-night-rain-short,14,2.5669
1015,51-night-rain-short,15,2.9931
1016,51-night-rain-short,16,3.0076
1017,51-night-rain-short,17,2.7363
1018,51-night-rain-short,18,2.5439
1019,51-night-rain-short,19,2.5808
1020,51-night-rain-short,20,2.7183
1021,52-night-morning-wait,1,1.4348
1022,52-night-morning-wait,2,1.3967
1023,52-night-morning-wait,3,1.3711
1024,52-night-morning-wait,4,2.0954
1025,52-night-morning-wait,5,1.4921
1026,52-night-morning-wait,6,1.3346
1027,52-night-morning-wait,7,1.3543
1028,52-night-morning-wait,8,1.3766
1029,52-night-morning-wait,9,1.3818
1030,52-night-morning-wait,10,1.2604
1031,52-night-morning-wait,11,1.4511
1032,52-night-morning-wait,12,1.4008
1033,52-night-morning-wait,13,1.2795
1034,52-night-morning-wait,14,1.347
1035,52-night-morning-wait,15,1.3219
1036,52-night-morning-wait,16,1.6636
1037,52-night-morning-wait,17,1.3767
1038,52-night-morning-wait,18,1.2438
1039,52-night-morning-wait,19,1.266
1040,52-night-morning-wait,20,1.2949
1041,53-night-closing-pressure,1,0.9898
1042,53-night-closing-pressure,2,0.9136
1043,53-night-closing-pressure,3,0.8897
1044,53-night-closing-pressure,4,0.9573
1045,53-night-closing-pressure,5,0.8645
1046,53-night-closing-pressure,6,0.948
1047,53-night-closing-pressure,7,1.4367
1048,53-night-closing-pressure,8,0.9407
1049,53-night-closing-pressure,9,0.9417
1050,53-night-closing-pressure,10,1.2881
1051,53-night-closing-pressure,11,0.9397
1052,53-night-closing-pressure,12,1.1488
1053,53-night-closing-pressure,13,1.1624
1054,53-night-closing-pressure,14,1.0452
1055,53-night-closing-pressure,15,1.0126
1056,53-night-closing-pressure,16,0.9163
1057,53-night-closing-pressure,17,0.9009
1058,53-night-closing-pressure,18,1.1019
1059,53-night-closing-pressure,19,1.7804
1060,53-night-closing-pressure,20,1.1139
1061,54-night-culture-day,1,5.1235
1062,54-night-culture-day,2,4.9621
1063,54-night-culture-day,3,4.6356
1064,54-night-culture-day,4,4.6761
1065,54-night-culture-day,5,5.1067
1066,54-night-culture-day,6,4.7064
1067,54-night-culture-day,7,5.2224
1068,54-night-culture-day,8,4.6834
1069,54-night-culture-day,9,4.3604
1070,54-night-culture-day,10,4.7868
1071,54-night-culture-day,11,4.8375
1072,54-night-culture-day,12,4.7015
1073,54-night-culture-day,13,4.4538
1074,54-night-culture-day,14,5.0483
1075,54-night-culture-day,15,4.8901
1076,54-night-culture-day,16,4.9988
1077,54-night-culture-day,17,4.2685
1078,54-night-culture-day,18,4.8818
1079,54-night-culture-day,19,4.9518
1080,54-night-culture-day,20,4.859
1081,55-night-weekend-night,1,4.0495
1082,55-night-weekend-night,2,3.7189
1083,55-night-weekend-night,3,4.3265
1084,55-night-weekend-night,4,3.5427
1085,55-night-weekend-night,5,3.6884
1086,55-night-weekend-night,6,3.6272
1087,55-night-weekend-night,7,3.5131
1088,55-night-weekend-night,8,3.66
1089,55-night-weekend-night,9,3.8365
1090,55-night-weekend-night,10,3.9292
1091,55-night-weekend-night,11,3.888
1092,55-night-weekend-night,12,3.5839
1093,55-night-weekend-night,13,4.0387
1094,55-night-weekend-night,14,3.9406
1095,55-night-weekend-night,15,3.5776
1096,55-night-weekend-night,16,3.9215
1097,55-night-weekend-night,17,3.7006
1098,55-night-weekend-night,18,3.5069
1099,55-night-weekend-night,19,4.6729
1100,55-night-weekend-night,20,3.8599
1101,56-cross-city-rain-short,1,2.8883
1102,56-cross-city-rain-short,2,2.8929
1103,56-cross-city-rain-short,3,2.9086
1104,56-cross-city-rain-short,4,2.9065
1105,56-cross-city-rain-short,5,3.188
1106,56-cross-city-rain-short,6,3.1197
1107,56-cross-city-rain-short,7,2.8534
1108,56-cross-city-rain-short,8,3.2336
1109,56-cross-city-rain-short,9,2.8466
1110,56-cross-city-rain-short,10,2.9717
1111,56-cross-city-rain-short,11,2.9655
1112,56-cross-city-rain-short,12,2.7923
1113,56-cross-city-rain-short,13,3.1226
1114,56-cross-city-rain-short,14,2.9636
1115,56-cross-city-rain-short,15,3.0233
1116,56-cross-city-rain-short,16,2.8303
1117,56-cross-city-rain-short,17,2.8524
1118,56-cross-city-rain-short,18,2.7448
1119,56-cross-city-rain-short,19,3.4714
1120,56-cross-city-rain-short,20,2.8488
1121,57-cross-city-morning-wait,1,1.4888
1122,57-cross-city-morning-wait,2,1.1488
1123,57-cross-city-morning-wait,3,1.0834
1124,57-cross-city-morning-wait,4,1.0296
1125,57-cross-city-morning-wait,5,1.0014
1126,57-cross-city-morning-wait,6,1.2246
1127,57-cross-city-morning-wait,7,1.1515
1128,57-cross-city-morning-wait,8,1.1207
1129,57-cross-city-morning-wait,9,1.0519
1130,57-cross-city-morning-wait,10,1.0682
1131,57-cross-city-morning-wait,11,1.2775
1132,57-cross-city-morning-wait,12,1.2024
1133,57-cross-city-morning-wait,13,1.0725
1134,57-cross-city-morning-wait,14,1.0243
1135,57-cross-city-morning-wait,15,1.0597
1136,57-cross-city-morning-wait,16,1.0295
1137,57-cross-city-morning-wait,17,1.2522
1138,57-cross-city-morning-wait,18,1.1201
1139,57-cross-city-morning-wait,19,1.0493
1140,57-cross-city-morning-wait,20,1.0766
1141,58-cross-city-closing-pressure,1,0.0023
1142,58-cross-city-closing-pressure,2,0.0014
1143,58-cross-city-closing-pressure,3,0.0011
1144,58-cross-city-closing-pressure,4,0.0011
1145,58-cross-city-closing-pressure,5,0.0013
1146,58-cross-city-closing-pressure,6,0.0126
1147,58-cross-city-closing-pressure,7,0.0012
1148,58-cross-city-closing-pressure,8,0.0012
1149,58-cross-city-closing-pressure,9,0.0011
1150,58-cross-city-closing-pressure,10,0.0019
1151,58-cross-city-closing-pressure,11,0.0013
1152,58-cross-city-closing-pressure,12,0.0011
1153,58-cross-city-closing-pressure,13,0.0011
1154,58-cross-city-closing-pressure,14,0.0011
1155,58-cross-city-closing-pressure,15,0.0012
1156,58-cross-city-closing-pressure,16,0.0012
1157,58-cross-city-closing-pressure,17,0.0011
1158,58-cross-city-closing-pressure,18,0.0012
1159,58-cross-city-closing-pressure,19,0.0011
1160,58-cross-city-closing-pressure,20,0.0011
1161,59-cross-city-culture-day,1,3.7902
1162,59-cross-city-culture-day,2,4.0409
1163,59-cross-city-culture-day,3,3.8846
1164,59-cross-city-culture-day,4,3.9633
1165,59-cross-city-culture-day,5,3.7473
1166,59-cross-city-culture-day,6,4.6762
1167,59-cross-city-culture-day,7,3.8366
1168,59-cross-city-culture-day,8,3.6758
1169,59-cross-city-culture-day,9,3.7696
1170,59-cross-city-culture-day,10,3.7347
1171,59-cross-city-culture-day,11,3.5175
1172,59-cross-city-culture-day,12,3.7063
1173,59-cross-city-culture-day,13,3.5279
1174,59-cross-city-culture-day,14,3.9208
1175,59-cross-city-culture-day,15,3.7016
1176,59-cross-city-culture-day,16,3.9504
1177,59-cross-city-culture-day,17,3.7823
1178,59-cross-city-culture-day,18,4.3068
1179,59-cross-city-culture-day,19,3.7468
1180,59-cross-city-culture-day,20,3.9007
1181,60-cross-city-weekend-night,1,3.0291
1182,60-cross-city-weekend-night,2,3.1556
1183,60-cross-city-weekend-night,3,2.8253
1184,60-cross-city-weekend-night,4,3.0951
1185,60-cross-city-weekend-night,5,2.7848
1186,60-cross-city-weekend-night,6,3.5415
1187,60-cross-city-weekend-night,7,3.2304
1188,60-cross-city-weekend-night,8,3.2584
1189,60-cross-city-weekend-night,9,2.8286
1190,60-cross-city-weekend-night,10,3.1754
1191,60-cross-city-weekend-night,11,3.2641
1192,60-cross-city-weekend-night,12,3.2846
1193,60-cross-city-weekend-night,13,3.2274
1194,60-cross-city-weekend-night,14,2.9454
1195,60-cross-city-weekend-night,15,3.3936
1196,60-cross-city-weekend-night,16,3.0497
1197,60-cross-city-weekend-night,17,3.0366
1198,60-cross-city-weekend-night,18,2.8939
1199,60-cross-city-weekend-night,19,3.0048
1200,60-cross-city-weekend-night,20,2.8117
