scenarioId,ordinal,templateId,profileId,config,expectedFeasible,oracleFeasible,generated,independentlyFeasible,correctRejection,overBudgetViolation,routeClosingViolation,stopClosingViolationCount,closedPoiViolationCount,completedPoiCount,distanceKm,walkingMinutes,stayMinutes,waitMinutes,totalMinutes,cultureCoveragePercent,focusedThemeCount,indoorStaySharePercent,shelterScore,scenicScore,semanticMatchScore,calculationMs,baselineFeasible,baselineCompletedPoiCount,baselineDistanceKm,baselineTotalMinutes,baselineCultureCoveragePercent,optimalFeasible,optimalCompletedPoiCount,optimalDistanceKm,optimalTotalMinutes,optimalVisitedGap,optimalTimeGapMinutes,routePoiIds,baselinePoiIds,optimalPoiIds
01-six-dynasties-rain-short,1,six-dynasties,rain-short,full,true,true,true,true,false,false,false,0,0,2,0.69,10,33,0,43,50,1,27.2727,66,88,74,16.5483,true,2,0.69,43,50,true,2,0.69,43,0,0,jiming-temple>taicheng,jiming-temple>taicheng,jiming-temple>taicheng
01-six-dynasties-rain-short,1,six-dynasties,rain-short,noBge,true,true,true,true,false,false,false,0,0,2,0.69,10,33,0,43,50,1,27.2727,66,88,74,4.6871,true,2,0.69,43,50,true,2,0.69,43,0,0,jiming-temple>taicheng,jiming-temple>taicheng,jiming-temple>taicheng
01-six-dynasties-rain-short,1,six-dynasties,rain-short,noKg,true,true,true,true,false,false,false,0,0,2,0.69,10,33,0,43,50,1,27.2727,66,88,74,4.6595,true,2,0.69,43,50,true,2,0.69,43,0,0,jiming-temple>taicheng,jiming-temple>taicheng,jiming-temple>taicheng
01-six-dynasties-rain-short,1,six-dynasties,rain-short,noWeather,true,true,true,true,false,false,false,0,0,2,0.69,10,33,0,43,50,1,27.2727,66,88,74,4.6774,true,2,0.69,43,50,true,2,0.69,43,0,0,jiming-temple>taicheng,jiming-temple>taicheng,jiming-temple>taicheng
02-six-dynasties-morning-wait,2,six-dynasties,morning-wait,full,true,true,true,true,false,false,false,0,0,4,2.541,33,63,3,99,75,1,14.2857,66,88,63.25,3.0885,true,4,2.3419999999999996,98,75,true,4,2.3419999999999996,98,0,1,jiming-temple>taicheng>xuanwu-lake-pavilion>xuanwu-lake,jiming-temple>taicheng>xuanwu-lake>xuanwu-lake-pavilion,jiming-temple>taicheng>xuanwu-lake>xuanwu-lake-pavilion
02-six-dynasties-morning-wait,2,six-dynasties,morning-wait,noBge,true,true,true,true,false,false,false,0,0,4,2.541,33,63,3,99,75,1,14.2857,66,88,63.25,3.4032,true,4,2.3419999999999996,98,75,true,4,2.3419999999999996,98,0,1,jiming-temple>taicheng>xuanwu-lake-pavilion>xuanwu-lake,jiming-temple>taicheng>xuanwu-lake>xuanwu-lake-pavilion,jiming-temple>taicheng>xuanwu-lake>xuanwu-lake-pavilion
02-six-dynasties-morning-wait,2,six-dynasties,morning-wait,noKg,true,true,true,true,false,false,false,0,0,4,2.541,33,63,3,99,75,1,14.2857,66,88,63.25,3.1545,true,4,2.3419999999999996,98,75,true,4,2.3419999999999996,98,0,1,jiming-temple>taicheng>xuanwu-lake-pavilion>xuanwu-lake,jiming-temple>taicheng>xuanwu-lake>xuanwu-lake-pavilion,jiming-temple>taicheng>xuanwu-lake>xuanwu-lake-pavilion
02-six-dynasties-morning-wait,2,six-dynasties,morning-wait,noWeather,true,true,true,true,false,false,false,0,0,4,2.541,33,63,3,99,75,1,14.2857,66,88,63.25,3.1422,true,4,2.3419999999999996,98,75,true,4,2.3419999999999996,98,0,1,jiming-temple>taicheng>xuanwu-lake-pavilion>xuanwu-lake,jiming-temple>taicheng>xuanwu-lake>xuanwu-lake-pavilion,jiming-temple>taicheng>xuanwu-lake>xuanwu-lake-pavilion
03-six-dynasties-closing-pressure,3,six-dynasties,closing-pressure,full,true,true,true,true,false,false,false,0,0,3,1.686,22,48,0,70,100,1,18.75,66,88,57.6667,2.0093,true,3,1.5259999999999998,69,83,true,3,1.5259999999999998,68,0,2,xuanwu-lake-pavilion>taicheng>jiming-temple,jiming-temple>taicheng>xuanwu-lake,xuanwu-lake>taicheng>jiming-temple
03-six-dynasties-closing-pressure,3,six-dynasties,closing-pressure,noBge,true,true,true,true,false,false,false,0,0,3,1.686,22,48,0,70,100,1,18.75,66,88,57.6667,2.3906,true,3,1.5259999999999998,69,83,true,3,1.5259999999999998,68,0,2,xuanwu-lake-pavilion>taicheng>jiming-temple,jiming-temple>taicheng>xuanwu-lake,xuanwu-lake>taicheng>jiming-temple
03-six-dynasties-closing-pressure,3,six-dynasties,closing-pressure,noKg,true,true,true,true,false,false,false,0,0,3,2.2169999999999996,29,48,0,77,83,1,18.75,66,88,76,1.8711,true,3,1.5259999999999998,69,83,true,3,1.5259999999999998,68,0,9,taicheng>jiming-temple>xuanwu-lake,jiming-temple>taicheng>xuanwu-lake,xuanwu-lake>taicheng>jiming-temple
03-six-dynasties-closing-pressure,3,six-dynasties,closing-pressure,noWeather,true,true,true,true,false,false,false,0,0,3,1.686,22,48,0,70,100,1,18.75,66,88,57.6667,1.865,true,3,1.5259999999999998,69,83,true,3,1.5259999999999998,68,0,2,xuanwu-lake-pavilion>taicheng>jiming-temple,jiming-temple>taicheng>xuanwu-lake,xuanwu-lake>taicheng>jiming-temple
04-six-dynasties-culture-day,4,six-dynasties,culture-day,full,true,true,true,true,false,false,false,0,0,5,5.661,71,81,0,152,100,1,22.2222,61,77,59.2,16.0049,true,5,6.502999999999999,164,100,true,5,5.5009999999999994,150,0,2,presidential-palace>jiming-temple>taicheng>xuanwu-lake-pavilion>xuanwu-lake,jiming-temple>taicheng>xuanwu-lake>xuanwu-lake-pavilion>presidential-palace,xuanwu-lake-pavilion>xuanwu-lake>taicheng>jiming-temple>presidential-palace
04-six-dynasties-culture-day,4,six-dynasties,culture-day,noBge,true,true,true,true,false,false,false,0,0,5,5.661,71,81,0,152,100,1,22.2222,61,77,59.2,15.9161,true,5,6.502999999999999,164,100,true,5,5.5009999999999994,150,0,2,presidential-palace>jiming-temple>taicheng>xuanwu-lake-pavilion>xuanwu-lake,jiming-temple>taicheng>xuanwu-lake>xuanwu-lake-pavilion>presidential-palace,xuanwu-lake-pavilion>xuanwu-lake>taicheng>jiming-temple>presidential-palace
04-six-dynasties-culture-day,4,six-dynasties,culture-day,noKg,true,true,true,true,false,false,false,0,0,5,5.661,71,81,0,152,100,1,22.2222,61,77,59.2,15.0991,true,5,6.502999999999999,164,100,true,5,5.5009999999999994,150,0,2,presidential-palace>jiming-temple>taicheng>xuanwu-lake-pavilion>xuanwu-lake,jiming-temple>taicheng>xuanwu-lake>xuanwu-lake-pavilion>presidential-palace,xuanwu-lake-pavilion>xuanwu-lake>taicheng>jiming-temple>presidential-palace
04-six-dynasties-culture-day,4,six-dynasties,culture-day,noWeather,true,true,true,true,false,false,false,0,0,5,5.661,71,81,0,152,100,1,22.2222,61,77,59.2,15.3146,true,5,6.502999999999999,164,100,true,5,5.5009999999999994,150,0,2,presidential-palace>jiming-temple>taicheng>xuanwu-lake-pavilion>xuanwu-lake,jiming-temple>taicheng>xuanwu-lake>xuanwu-lake-pavilion>presidential-palace,xuanwu-lake-pavilion>xuanwu-lake>taicheng>jiming-temple>presidential-palace
05-six-dynasties-weekend-night,5,six-dynasties,weekend-night,full,true,true,true,true,false,false,false,0,0,3,4.817,54,48,0,102,75,1,18.75,60,76,49.3333,2.702,true,0,0,0,0,true,3,4.817,102,0,0,presidential-palace>xuanwu-lake>xuanwu-lake-pavilion,,presidential-palace>xuanwu-lake>xuanwu-lake-pavilion
05-six-dynasties-weekend-night,5,six-dynasties,weekend-night,noBge,true,true,true,true,false,false,false,0,0,3,4.817,54,48,0,102,75,1,18.75,60,76,49.3333,3.3775,true,0,0,0,0,true,3,4.817,102,0,0,presidential-palace>xuanwu-lake>xuanwu-lake-pavilion,,presidential-palace>xuanwu-lake>xuanwu-lake-pavilion
05-six-dynasties-weekend-night,5,six-dynasties,weekend-night,noKg,true,true,true,true,false,false,false,0,0,3,4.817,54,48,0,102,75,1,18.75,60,76,49.3333,2.7161,true,0,0,0,0,true,3,4.817,102,0,0,presidential-palace>xuanwu-lake>xuanwu-lake-pavilion,,presidential-palace>xuanwu-lake>xuanwu-lake-pavilion
05-six-dynasties-weekend-night,5,six-dynasties,weekend-night,noWeather,true,true,true,true,false,false,false,0,0,3,4.817,54,48,0,102,75,1,18.75,60,76,49.3333,2.9949,true,0,0,0,0,true,3,4.817,102,0,0,presidential-palace>xuanwu-lake>xuanwu-lake-pavilion,,presidential-palace>xuanwu-lake>xuanwu-lake-pavilion
06-republican-rain-short,6,republican,rain-short,full,true,true,true,true,false,false,false,0,0,2,0.354,6,35,0,41,67,1,57.1429,66,88,89.5,3.545,true,1,0,15,50,true,2,0.354,41,0,0,yihe-road>yijiu-cafe,yihe-road,yihe-road>yijiu-cafe
06-republican-rain-short,6,republican,rain-short,noBge,true,true,true,true,false,false,false,0,0,2,0.354,6,35,0,41,67,1,57.1429,66,88,89.5,3.1354,true,1,0,15,50,true,2,0.354,41,0,0,yihe-road>yijiu-cafe,yihe-road,yihe-road>yijiu-cafe
06-republican-rain-short,6,republican,rain-short,noKg,true,true,true,true,false,false,false,0,0,2,0.354,6,35,0,41,67,1,57.1429,66,88,89.5,3.0546,true,1,0,15,50,true,2,0.354,41,0,0,yihe-road>yijiu-cafe,yihe-road,yihe-road>yijiu-cafe
06-republican-rain-short,6,republican,rain-short,noWeather,true,true,true,true,false,false,false,0,0,2,0.354,6,35,0,41,67,1,57.1429,66,88,89.5,2.6649,true,1,0,15,50,true,2,0.354,41,0,0,yihe-road>yijiu-cafe,yihe-road,yihe-road>yijiu-cafe
07-republican-morning-wait,7,republican,morning-wait,full,true,true,true,true,false,false,false,0,0,3,4.7509999999999994,60,51,0,111,83,1,35.2941,48,52,86,1.8837,true,3,7.299,137,83,true,3,4.7509999999999994,111,0,0,yihe-road>presidential-palace>1912,yihe-road>wutong-avenue>presidential-palace,yihe-road>presidential-palace>1912
07-republican-morning-wait,7,republican,morning-wait,noBge,true,true,true,true,false,false,false,0,0,3,4.7509999999999994,60,51,0,111,83,1,35.2941,48,52,86,1.8279,true,3,7.299,137,83,true,3,4.7509999999999994,111,0,0,yihe-road>presidential-palace>1912,yihe-road>wutong-avenue>presidential-palace,yihe-road>presidential-palace>1912
07-republican-morning-wait,7,republican,morning-wait,noKg,true,true,true,true,false,false,false,0,0,3,4.7509999999999994,60,51,0,111,83,1,35.2941,48,52,86,1.5501,true,3,7.299,137,83,true,3,4.7509999999999994,111,0,0,yihe-road>presidential-palace>1912,yihe-road>wutong-avenue>presidential-palace,yihe-road>presidential-palace>1912
07-republican-morning-wait,7,republican,morning-wait,noWeather,true,true,true,true,false,false,false,0,0,3,4.7509999999999994,60,51,0,111,83,1,35.2941,48,52,86,1.4247,true,3,7.299,137,83,true,3,4.7509999999999994,111,0,0,yihe-road>presidential-palace>1912,yihe-road>wutong-avenue>presidential-palace,yihe-road>presidential-palace>1912
08-republican-closing-pressure,8,republican,closing-pressure,full,true,true,true,true,false,false,false,0,0,2,2.277,28,33,0,61,67,1,27.2727,66,88,79,1.3411,true,1,0,15,50,true,2,1.15,51,0,10,wutong-avenue>presidential-palace,yihe-road,presidential-palace>1912
08-republican-closing-pressure,8,republican,closing-pressure,noBge,true,true,true,true,false,false,false,0,0,2,2.277,28,33,0,61,67,1,27.2727,66,88,79,1.2005,true,1,0,15,50,true,2,1.15,51,0,10,wutong-avenue>presidential-palace,yihe-road,presidential-palace>1912
08-republican-closing-pressure,8,republican,closing-pressure,noKg,true,true,true,true,false,false,false,0,0,2,2.277,28,33,0,61,67,1,27.2727,66,88,79,1.0725,true,1,0,15,50,true,2,1.15,51,0,10,wutong-avenue>presidential-palace,yihe-road,presidential-palace>1912
08-republican-closing-pressure,8,republican,closing-pressure,noWeather,true,true,true,true,false,false,false,0,0,2,2.277,28,33,0,61,67,1,27.2727,66,88,79,1.0939,true,1,0,15,50,true,2,1.15,51,0,10,wutong-avenue>presidential-palace,yihe-road,presidential-palace>1912
09-republican-culture-day,9,republican,culture-day,full,true,true,true,true,false,false,false,0,0,5,7.488,94,86,0,180,100,1,44.186,52,60,84.2,9.9104,true,4,8.449,170,100,true,5,7.375,177,0,3,wutong-avenue>presidential-palace>1912>yihe-road>yijiu-cafe,yihe-road>wutong-avenue>presidential-palace>1912,yihe-road>yijiu-cafe>1912>presidential-palace>wutong-avenue
09-republican-culture-day,9,republican,culture-day,noBge,true,true,true,true,false,false,false,0,0,5,7.488,94,86,0,180,100,1,44.186,52,60,84.2,9.4433,true,4,8.449,170,100,true,5,7.375,177,0,3,wutong-avenue>presidential-palace>1912>yihe-road>yijiu-cafe,yihe-road>wutong-avenue>presidential-palace>1912,yihe-road>yijiu-cafe>1912>presidential-palace>wutong-avenue
09-republican-culture-day,9,republican,culture-day,noKg,true,true,true,true,false,false,false,0,0,5,7.488,94,86,0,180,100,1,44.186,52,60,84.2,8.9488,true,4,8.449,170,100,true,5,7.375,177,0,3,wutong-avenue>presidential-palace>1912>yihe-road>yijiu-cafe,yihe-road>wutong-avenue>presidential-palace>1912,yihe-road>yijiu-cafe>1912>presidential-palace>wutong-avenue
09-republican-culture-day,9,republican,culture-day,noWeather,true,true,true,true,false,false,false,0,0,5,7.488,94,86,0,180,100,1,44.186,52,60,84.2,9.2488,true,4,8.449,170,100,true,5,7.375,177,0,3,wutong-avenue>presidential-palace>1912>yihe-road>yijiu-cafe,yihe-road>wutong-avenue>presidential-palace>1912,yihe-road>yijiu-cafe>1912>presidential-palace>wutong-avenue
10-republican-weekend-night,10,republican,weekend-night,full,true,true,true,true,false,false,false,0,0,4,7.328,80,68,0,148,83,1,42.6471,53,63,86.75,3.7609,true,2,5.022,84,67,true,4,7.328,148,0,0,yijiu-cafe>yihe-road>1912>wutong-avenue,yihe-road>wutong-avenue,yijiu-cafe>yihe-road>1912>wutong-avenue
10-republican-weekend-night,10,republican,weekend-night,noBge,true,true,true,true,false,false,false,0,0,4,7.328,80,68,0,148,83,1,42.6471,53,63,86.75,3.8125,true,2,5.022,84,67,true,4,7.328,148,0,0,yijiu-cafe>yihe-road>1912>wutong-avenue,yihe-road>wutong-avenue,yijiu-cafe>yihe-road>1912>wutong-avenue
10-republican-weekend-night,10,republican,weekend-night,noKg,true,true,true,true,false,false,false,0,0,4,7.328,80,68,0,148,83,1,42.6471,53,63,86.75,3.8939,true,2,5.022,84,67,true,4,7.328,148,0,0,yijiu-cafe>yihe-road>1912>wutong-avenue,yihe-road>wutong-avenue,yijiu-cafe>yihe-road>1912>wutong-avenue
10-republican-weekend-night,10,republican,weekend-night,noWeather,true,true,true,true,false,false,false,0,0,4,7.328,80,68,0,148,83,1,42.6471,53,63,86.75,3.6843,true,2,5.022,84,67,true,4,7.328,148,0,0,yijiu-cafe>yihe-road>1912>wutong-avenue,yihe-road>wutong-avenue,yijiu-cafe>yihe-road>1912>wutong-avenue
11-qinhuai-rain-short,11,qinhuai,rain-short,full,true,true,true,true,false,false,false,0,0,1,0,0,18,0,18,43,1,50,0,0,100,2.4986,true,1,0,18,43,true,1,0,18,0,0,laomendong,confucius-temple,confucius-temple
11-qinhuai-rain-short,11,qinhuai,rain-short,noBge,true,true,true,true,false,false,false,0,0,1,0,0,20,0,20,29,0,100,0,0,38,2.255,true,1,0,18,43,true,1,0,18,0,2,dabaosi,confucius-temple,confucius-temple
11-qinhuai-rain-short,11,qinhuai,rain-short,noKg,true,true,true,true,false,false,false,0,0,1,0,0,18,0,18,43,1,50,0,0,100,2.3694,true,1,0,18,43,true,1,0,18,0,0,laomendong,confucius-temple,confucius-temple
11-qinhuai-rain-short,11,qinhuai,rain-short,noWeather,true,true,true,true,false,false,false,0,0,1,0,0,18,0,18,43,1,50,0,0,100,2.5658,true,1,0,18,43,true,1,0,18,0,0,laomendong,confucius-temple,confucius-temple
12-qinhuai-morning-wait,12,qinhuai,morning-wait,full,true,true,true,true,false,false,false,0,0,4,4.4670000000000005,56,74,0,130,100,1,63.5135,66,88,70.75,2.657,true,4,4.964,138,100,true,4,4.4670000000000005,130,0,0,confucius-temple>laomendong>dabaosi>zhonghua-gate,confucius-temple>laomendong>zhonghua-gate>dabaosi,confucius-temple>laomendong>dabaosi>zhonghua-gate
12-qinhuai-morning-wait,12,qinhuai,morning-wait,noBge,true,true,true,true,false,false,false,0,0,4,4.4670000000000005,56,74,0,130,100,1,63.5135,66,88,70.75,1.8186,true,4,4.964,138,100,true,4,4.4670000000000005,130,0,0,confucius-temple>laomendong>dabaosi>zhonghua-gate,confucius-temple>laomendong>zhonghua-gate>dabaosi,confucius-temple>laomendong>dabaosi>zhonghua-gate
12-qinhuai-morning-wait,12,qinhuai,morning-wait,noKg,true,true,true,true,false,false,false,0,0,4,4.4670000000000005,56,74,0,130,100,1,63.5135,66,88,70.75,2.1461,true,4,4.964,138,100,true,4,4.4670000000000005,130,0,0,confucius-temple>laomendong>dabaosi>zhonghua-gate,confucius-temple>laomendong>zhonghua-gate>dabaosi,confucius-temple>laomendong>dabaosi>zhonghua-gate
12-qinhuai-morning-wait,12,qinhuai,morning-wait,noWeather,true,true,true,true,false,false,false,0,0,4,4.4670000000000005,56,74,0,130,100,1,63.5135,66,88,70.75,1.549,true,4,4.964,138,100,true,4,4.4670000000000005,130,0,0,confucius-temple>laomendong>dabaosi>zhonghua-gate,confucius-temple>laomendong>zhonghua-gate>dabaosi,confucius-temple>laomendong>dabaosi>zhonghua-gate
13-qinhuai-closing-pressure,13,qinhuai,closing-pressure,full,true,true,true,true,false,false,false,0,0,3,2.607,33,56,0,89,86,1,67.8571,66,88,77.6667,1.0616,true,2,1.482,55,57,true,3,2.607,89,0,0,dabaosi>laomendong>confucius-temple,confucius-temple>laomendong,dabaosi>laomendong>confucius-temple
13-qinhuai-closing-pressure,13,qinhuai,closing-pressure,noBge,true,true,true,true,false,false,false,0,0,3,2.607,33,56,0,89,86,1,67.8571,66,88,77.6667,0.9487,true,2,1.482,55,57,true,3,2.607,89,0,0,dabaosi>laomendong>confucius-temple,confucius-temple>laomendong,dabaosi>laomendong>confucius-temple
13-qinhuai-closing-pressure,13,qinhuai,closing-pressure,noKg,true,true,true,true,false,false,false,0,0,3,2.607,33,56,0,89,86,1,67.8571,66,88,77.6667,0.8809,true,2,1.482,55,57,true,3,2.607,89,0,0,dabaosi>laomendong>confucius-temple,confucius-temple>laomendong,dabaosi>laomendong>confucius-temple
13-qinhuai-closing-pressure,13,qinhuai,closing-pressure,noWeather,true,true,true,true,false,false,false,0,0,3,2.607,33,56,0,89,86,1,67.8571,66,88,77.6667,1.2965,true,2,1.482,55,57,true,3,2.607,89,0,0,dabaosi>laomendong>confucius-temple,confucius-temple>laomendong,dabaosi>laomendong>confucius-temple
14-qinhuai-culture-day,14,qinhuai,culture-day,full,true,true,true,true,false,false,false,0,0,4,4.4510000000000005,57,74,0,131,100,1,63.5135,66,88,70.75,8.9465,true,4,4.964,138,100,true,4,4.352,128,0,3,zhonghua-gate>dabaosi>laomendong>confucius-temple,confucius-temple>laomendong>zhonghua-gate>dabaosi,dabaosi>laomendong>confucius-temple>zhonghua-gate
14-qinhuai-culture-day,14,qinhuai,culture-day,noBge,true,true,true,true,false,false,false,0,0,4,4.4510000000000005,57,74,0,131,100,1,63.5135,66,88,70.75,10.5707,true,4,4.964,138,100,true,4,4.352,128,0,3,zhonghua-gate>dabaosi>laomendong>confucius-temple,confucius-temple>laomendong>zhonghua-gate>dabaosi,dabaosi>laomendong>confucius-temple>zhonghua-gate
14-qinhuai-culture-day,14,qinhuai,culture-day,noKg,true,true,true,true,false,false,false,0,0,4,5.6899999999999995,73,72,0,145,86,1,50,66,88,71.5,9.1296,true,4,4.964,138,100,true,4,4.352,128,0,17,zhonghua-gate>laomendong>confucius-temple>chaotian-palace,confucius-temple>laomendong>zhonghua-gate>dabaosi,dabaosi>laomendong>confucius-temple>zhonghua-gate
14-qinhuai-culture-day,14,qinhuai,culture-day,noWeather,true,true,true,true,false,false,false,0,0,4,4.4510000000000005,57,74,0,131,100,1,63.5135,66,88,70.75,9.9107,true,4,4.964,138,100,true,4,4.352,128,0,3,zhonghua-gate>dabaosi>laomendong>confucius-temple,confucius-temple>laomendong>zhonghua-gate>dabaosi,dabaosi>laomendong>confucius-temple>zhonghua-gate
15-qinhuai-weekend-night,15,qinhuai,weekend-night,full,true,true,true,true,false,false,false,0,0,2,1.482,17,36,0,53,57,1,50,66,88,97.5,2.1406,true,2,1.482,53,57,true,2,1.482,53,0,0,confucius-temple>laomendong,confucius-temple>laomendong,confucius-temple>laomendong
15-qinhuai-weekend-night,15,qinhuai,weekend-night,noBge,true,true,true,true,false,false,false,0,0,2,1.482,17,36,0,53,57,1,50,66,88,97.5,2.5924,true,2,1.482,53,57,true,2,1.482,53,0,0,confucius-temple>laomendong,confucius-temple>laomendong,confucius-temple>laomendong
15-qinhuai-weekend-night,15,qinhuai,weekend-night,noKg,true,true,true,true,false,false,false,0,0,2,1.482,17,36,0,53,57,1,50,66,88,97.5,2.0807,true,2,1.482,53,57,true,2,1.482,53,0,0,confucius-temple>laomendong,confucius-temple>laomendong,confucius-temple>laomendong
15-qinhuai-weekend-night,15,qinhuai,weekend-night,noWeather,true,true,true,true,false,false,false,0,0,2,1.482,17,36,0,53,57,1,50,66,88,97.5,2.7478,true,2,1.482,53,57,true,2,1.482,53,0,0,confucius-temple>laomendong,confucius-temple>laomendong,confucius-temple>laomendong
16-ming-wall-rain-short,16,ming-wall,rain-short,full,true,true,true,true,false,false,false,0,0,2,1.141,17,38,0,55,57,0,76.3158,66,88,70.5,3.4419,true,1,0,18,43,true,2,1.141,55,0,0,dabaosi>laomendong,zhonghua-gate,dabaosi>laomendong
16-ming-wall-rain-short,16,ming-wall,rain-short,noBge,true,true,true,true,false,false,false,0,0,2,1.141,17,38,0,55,57,0,76.3158,66,88,70.5,2.6948,true,1,0,18,43,true,2,1.141,55,0,0,dabaosi>laomendong,zhonghua-gate,dabaosi>laomendong
16-ming-wall-rain-short,16,ming-wall,rain-short,noKg,true,true,true,true,false,false,false,0,0,2,1.141,17,38,0,55,57,0,76.3158,66,88,70.5,2.5595,true,1,0,18,43,true,2,1.141,55,0,0,dabaosi>laomendong,zhonghua-gate,dabaosi>laomendong
16-ming-wall-rain-short,16,ming-wall,rain-short,noWeather,true,true,true,true,false,false,false,0,0,2,1.141,17,38,0,55,57,0,76.3158,66,88,70.5,2.7453,true,1,0,18,43,true,2,1.141,55,0,0,dabaosi>laomendong,zhonghua-gate,dabaosi>laomendong
17-ming-wall-morning-wait,17,ming-wall,morning-wait,full,true,true,true,true,false,false,false,0,0,3,2.9850000000000003,38,56,30,124,86,1,67.8571,66,88,79.6667,1.1939,true,2,6.678,145,57,true,3,2.779,123,0,1,zhonghua-gate>dabaosi>laomendong,zhonghua-gate>taicheng,zhonghua-gate>laomendong>dabaosi
17-ming-wall-morning-wait,17,ming-wall,morning-wait,noBge,true,true,true,true,false,false,false,0,0,3,2.9850000000000003,38,56,30,124,86,1,67.8571,66,88,79.6667,1.1598,true,2,6.678,145,57,true,3,2.779,123,0,1,zhonghua-gate>dabaosi>laomendong,zhonghua-gate>taicheng,zhonghua-gate>laomendong>dabaosi
17-ming-wall-morning-wait,17,ming-wall,morning-wait,noKg,true,true,true,true,false,false,false,0,0,3,2.9850000000000003,38,56,30,124,86,1,67.8571,66,88,79.6667,1.1921,true,2,6.678,145,57,true,3,2.779,123,0,1,zhonghua-gate>dabaosi>laomendong,zhonghua-gate>taicheng,zhonghua-gate>laomendong>dabaosi
17-ming-wall-morning-wait,17,ming-wall,morning-wait,noWeather,true,true,true,true,false,false,false,0,0,3,2.9850000000000003,38,56,30,124,86,1,67.8571,66,88,79.6667,1.2695,true,2,6.678,145,57,true,3,2.779,123,0,1,zhonghua-gate>dabaosi>laomendong,zhonghua-gate>taicheng,zhonghua-gate>laomendong>dabaosi
18-ming-wall-closing-pressure,18,ming-wall,closing-pressure,full,true,true,true,true,false,false,false,0,0,2,1.844,24,38,0,62,83,1,76.3158,66,88,84,1.3472,true,1,0,18,50,true,2,1.844,62,0,0,zhonghua-gate>dabaosi,zhonghua-gate,zhonghua-gate>dabaosi
18-ming-wall-closing-pressure,18,ming-wall,closing-pressure,noBge,true,true,true,true,false,false,false,0,0,2,1.844,24,38,0,62,83,1,76.3158,66,88,84,0.983,true,1,0,18,50,true,2,1.844,62,0,0,zhonghua-gate>dabaosi,zhonghua-gate,zhonghua-gate>dabaosi
18-ming-wall-closing-pressure,18,ming-wall,closing-pressure,noKg,true,true,true,true,false,false,false,0,0,2,1.844,24,38,0,62,83,1,76.3158,66,88,84,0.9186,true,1,0,18,50,true,2,1.844,62,0,0,zhonghua-gate>dabaosi,zhonghua-gate,zhonghua-gate>dabaosi
18-ming-wall-closing-pressure,18,ming-wall,closing-pressure,noWeather,true,true,true,true,false,false,false,0,0,2,1.844,24,38,0,62,83,1,76.3158,66,88,84,0.9719,true,1,0,18,50,true,2,1.844,62,0,0,zhonghua-gate>dabaosi,zhonghua-gate,zhonghua-gate>dabaosi
19-ming-wall-culture-day,19,ming-wall,culture-day,full,true,true,true,true,false,false,false,0,0,4,6.8260000000000005,87,74,0,161,86,1,63.5135,66,88,79.75,6.5713,true,2,6.678,115,57,true,4,5.7059999999999995,147,0,14,zhonghua-gate>dabaosi>laomendong>chaotian-palace,zhonghua-gate>taicheng,dabaosi>laomendong>zhonghua-gate>chaotian-palace
19-ming-wall-culture-day,19,ming-wall,culture-day,noBge,true,true,true,true,false,false,false,0,0,4,6.8260000000000005,87,74,0,161,86,1,63.5135,66,88,79.75,6.2848,true,2,6.678,115,57,true,4,5.7059999999999995,147,0,14,zhonghua-gate>dabaosi>laomendong>chaotian-palace,zhonghua-gate>taicheng,dabaosi>laomendong>zhonghua-gate>chaotian-palace
19-ming-wall-culture-day,19,ming-wall,culture-day,noKg,true,true,true,true,false,false,false,0,0,4,6.8260000000000005,87,74,0,161,86,1,63.5135,66,88,79.75,5.7821,true,2,6.678,115,57,true,4,5.7059999999999995,147,0,14,zhonghua-gate>dabaosi>laomendong>chaotian-palace,zhonghua-gate>taicheng,dabaosi>laomendong>zhonghua-gate>chaotian-palace
19-ming-wall-culture-day,19,ming-wall,culture-day,noWeather,true,true,true,true,false,false,false,0,0,4,6.8260000000000005,87,74,0,161,86,1,63.5135,66,88,79.75,5.4681,true,2,6.678,115,57,true,4,5.7059999999999995,147,0,14,zhonghua-gate>dabaosi>laomendong>chaotian-palace,zhonghua-gate>taicheng,dabaosi>laomendong>zhonghua-gate>chaotian-palace
20-ming-wall-weekend-night,20,ming-wall,weekend-night,full,true,true,true,true,false,false,false,0,0,1,0,0,18,0,18,29,0,50,0,0,71,2.567,true,0,0,0,0,true,1,0,18,0,0,laomendong,,laomendong
20-ming-wall-weekend-night,20,ming-wall,weekend-night,noBge,true,true,true,true,false,false,false,0,0,1,0,0,18,0,18,29,0,50,0,0,71,2.2892,true,0,0,0,0,true,1,0,18,0,0,laomendong,,laomendong
20-ming-wall-weekend-night,20,ming-wall,weekend-night,noKg,true,true,true,true,false,false,false,0,0,1,0,0,18,0,18,29,0,50,0,0,71,2.4006,true,0,0,0,0,true,1,0,18,0,0,laomendong,,laomendong
20-ming-wall-weekend-night,20,ming-wall,weekend-night,noWeather,true,true,true,true,false,false,false,0,0,1,0,0,18,0,18,29,0,50,0,0,71,2.6308,true,0,0,0,0,true,1,0,18,0,0,laomendong,,laomendong
21-zhongshan-rain-short,21,zhongshan,rain-short,full,true,true,true,true,false,false,false,0,0,2,0.851,12,30,0,42,63,1,0,66,88,99.5,2.2762,true,2,0.789,44,63,true,2,0.851,42,0,0,sun-yat-sen>zhongshan,zhongshan>sun-yat-sen,sun-yat-sen>zhongshan
21-zhongshan-rain-short,21,zhongshan,rain-short,noBge,true,true,true,true,false,false,false,0,0,2,0.851,12,30,0,42,63,1,0,66,88,99.5,2.3059,true,2,0.789,44,63,true,2,0.851,42,0,0,sun-yat-sen>zhongshan,zhongshan>sun-yat-sen,sun-yat-sen>zhongshan
21-zhongshan-rain-short,21,zhongshan,rain-short,noKg,true,true,true,true,false,false,false,0,0,2,0.851,12,30,0,42,63,1,0,66,88,99.5,2.6298,true,2,0.789,44,63,true,2,0.851,42,0,0,sun-yat-sen>zhongshan,zhongshan>sun-yat-sen,sun-yat-sen>zhongshan
21-zhongshan-rain-short,21,zhongshan,rain-short,noWeather,true,true,true,true,false,false,false,0,0,2,0.851,12,30,0,42,63,1,0,66,88,99.5,2.3697,true,2,0.789,44,63,true,2,0.851,42,0,0,sun-yat-sen>zhongshan,zhongshan>sun-yat-sen,sun-yat-sen>zhongshan
22-zhongshan-morning-wait,22,zhongshan,morning-wait,full,true,true,true,true,false,false,false,0,0,4,4.279,54,60,3,117,100,1,0,66,88,71.75,1.617,true,4,4.279,117,100,true,4,4.279,117,0,0,zhongshan>sun-yat-sen>ming-xiaoling>meihua-hill,zhongshan>sun-yat-sen>ming-xiaoling>meihua-hill,zhongshan>sun-yat-sen>ming-xiaoling>meihua-hill
22-zhongshan-morning-wait,22,zhongshan,morning-wait,noBge,true,true,true,true,false,false,false,0,0,4,4.279,54,60,3,117,100,1,0,66,88,71.75,1.4521,true,4,4.279,117,100,true,4,4.279,117,0,0,zhongshan>sun-yat-sen>ming-xiaoling>meihua-hill,zhongshan>sun-yat-sen>ming-xiaoling>meihua-hill,zhongshan>sun-yat-sen>ming-xiaoling>meihua-hill
22-zhongshan-morning-wait,22,zhongshan,morning-wait,noKg,true,true,true,true,false,false,false,0,0,4,4.279,54,60,3,117,100,1,0,66,88,71.75,1.5884,true,4,4.279,117,100,true,4,4.279,117,0,0,zhongshan>sun-yat-sen>ming-xiaoling>meihua-hill,zhongshan>sun-yat-sen>ming-xiaoling>meihua-hill,zhongshan>sun-yat-sen>ming-xiaoling>meihua-hill
22-zhongshan-morning-wait,22,zhongshan,morning-wait,noWeather,true,true,true,true,false,false,false,0,0,4,4.279,54,60,3,117,100,1,0,66,88,71.75,2.3038,true,4,4.279,117,100,true,4,4.279,117,0,0,zhongshan>sun-yat-sen>ming-xiaoling>meihua-hill,zhongshan>sun-yat-sen>ming-xiaoling>meihua-hill,zhongshan>sun-yat-sen>ming-xiaoling>meihua-hill
23-zhongshan-closing-pressure,23,zhongshan,closing-pressure,full,true,true,true,true,false,false,false,0,0,3,3.3240000000000003,41,45,0,86,88,1,0,66,88,88.6667,1.3241,true,3,2.008,71,75,true,3,2.008,71,0,15,zhongshan>sun-yat-sen>meihua-hill,zhongshan>sun-yat-sen>ming-xiaoling,zhongshan>sun-yat-sen>ming-xiaoling
23-zhongshan-closing-pressure,23,zhongshan,closing-pressure,noBge,true,true,true,true,false,false,false,0,0,3,3.3240000000000003,41,45,0,86,88,1,0,66,88,88.6667,1.1538,true,3,2.008,71,75,true,3,2.008,71,0,15,zhongshan>sun-yat-sen>meihua-hill,zhongshan>sun-yat-sen>ming-xiaoling,zhongshan>sun-yat-sen>ming-xiaoling
23-zhongshan-closing-pressure,23,zhongshan,closing-pressure,noKg,true,true,true,true,false,false,false,0,0,3,3.3240000000000003,41,45,0,86,88,1,0,66,88,88.6667,1.1179,true,3,2.008,71,75,true,3,2.008,71,0,15,zhongshan>sun-yat-sen>meihua-hill,zhongshan>sun-yat-sen>ming-xiaoling,zhongshan>sun-yat-sen>ming-xiaoling
23-zhongshan-closing-pressure,23,zhongshan,closing-pressure,noWeather,true,true,true,true,false,false,false,0,0,3,3.3240000000000003,41,45,0,86,88,1,0,66,88,88.6667,1.2178,true,3,2.008,71,75,true,3,2.008,71,0,15,zhongshan>sun-yat-sen>meihua-hill,zhongshan>sun-yat-sen>ming-xiaoling,zhongshan>sun-yat-sen>ming-xiaoling
24-zhongshan-culture-day,24,zhongshan,culture-day,full,true,true,true,true,false,false,false,0,0,5,8.234,105,75,0,180,100,1,0,66,88,71.2,8.5802,true,4,4.279,114,100,true,5,8.016,177,0,3,wutong-avenue>ming-xiaoling>sun-yat-sen>zhongshan>meihua-hill,zhongshan>sun-yat-sen>ming-xiaoling>meihua-hill,meihua-hill>zhongshan>sun-yat-sen>ming-xiaoling>wutong-avenue
24-zhongshan-culture-day,24,zhongshan,culture-day,noBge,true,true,true,true,false,false,false,0,0,5,8.234,105,75,0,180,100,1,0,66,88,71.2,9.3525,true,4,4.279,114,100,true,5,8.016,177,0,3,wutong-avenue>ming-xiaoling>sun-yat-sen>zhongshan>meihua-hill,zhongshan>sun-yat-sen>ming-xiaoling>meihua-hill,meihua-hill>zhongshan>sun-yat-sen>ming-xiaoling>wutong-avenue
24-zhongshan-culture-day,24,zhongshan,culture-day,noKg,true,true,true,true,false,false,false,0,0,5,8.234,105,75,0,180,100,1,0,66,88,71.2,8.6992,true,4,4.279,114,100,true,5,8.016,177,0,3,wutong-avenue>ming-xiaoling>sun-yat-sen>zhongshan>meihua-hill,zhongshan>sun-yat-sen>ming-xiaoling>meihua-hill,meihua-hill>zhongshan>sun-yat-sen>ming-xiaoling>wutong-avenue
24-zhongshan-culture-day,24,zhongshan,culture-day,noWeather,true,true,true,true,false,false,false,0,0,5,8.234,105,75,0,180,100,1,0,66,88,71.2,8.2948,true,4,4.279,114,100,true,5,8.016,177,0,3,wutong-avenue>ming-xiaoling>sun-yat-sen>zhongshan>meihua-hill,zhongshan>sun-yat-sen>ming-xiaoling>meihua-hill,meihua-hill>zhongshan>sun-yat-sen>ming-xiaoling>wutong-avenue
25-zhongshan-weekend-night,25,zhongshan,weekend-night,full,true,true,true,true,false,false,false,0,0,3,6.782,74,45,0,119,75,1,0,66,88,78.3333,3.4757,true,1,0,15,25,true,3,3.351,81,0,38,zhongshan>meihua-hill>wutong-avenue,zhongshan,ming-xiaoling>zhongshan>meihua-hill
25-zhongshan-weekend-night,25,zhongshan,weekend-night,noBge,true,true,true,true,false,false,false,0,0,3,3.9539999999999997,46,45,0,91,63,0,0,66,88,62.3333,3.1028,true,1,0,15,25,true,3,3.351,81,0,10,ming-xiaoling>meihua-hill>zhongshan,zhongshan,ming-xiaoling>zhongshan>meihua-hill
25-zhongshan-weekend-night,25,zhongshan,weekend-night,noKg,true,true,true,true,false,false,false,0,0,3,3.9539999999999997,46,45,0,91,63,0,0,66,88,62.3333,3.6068,true,1,0,15,25,true,3,3.351,81,0,10,ming-xiaoling>meihua-hill>zhongshan,zhongshan,ming-xiaoling>zhongshan>meihua-hill
25-zhongshan-weekend-night,25,zhongshan,weekend-night,noWeather,true,true,true,true,false,false,false,0,0,3,6.782,74,45,0,119,75,1,0,66,88,78.3333,2.9669,true,1,0,15,25,true,3,3.351,81,0,38,zhongshan>meihua-hill>wutong-avenue,zhongshan,ming-xiaoling>zhongshan>meihua-hill
26-museum-rain-short,26,museum,rain-short,full,true,true,true,true,false,false,false,0,0,2,1.15,17,36,0,53,43,0,50,48,52,64.5,2.635,true,1,0,20,43,true,2,1.15,53,0,0,presidential-palace>1912,nanjing-museum,presidential-palace>1912
26-museum-rain-short,26,museum,rain-short,noBge,true,true,true,true,false,false,false,0,0,2,1.15,17,36,0,53,43,0,50,48,52,64.5,2.965,true,1,0,20,43,true,2,1.15,53,0,0,presidential-palace>1912,nanjing-museum,presidential-palace>1912
26-museum-rain-short,26,museum,rain-short,noKg,true,true,true,true,false,false,false,0,0,2,1.15,17,36,0,53,43,0,50,48,52,64.5,2.9448,true,1,0,20,43,true,2,1.15,53,0,0,presidential-palace>1912,nanjing-museum,presidential-palace>1912
26-museum-rain-short,26,museum,rain-short,noWeather,true,true,true,true,false,false,false,0,0,2,1.15,17,36,0,53,43,0,50,48,52,64.5,2.7387,true,1,0,20,43,true,2,1.15,53,0,0,presidential-palace>1912,nanjing-museum,presidential-palace>1912
27-museum-morning-wait,27,museum,morning-wait,full,true,true,true,true,false,false,false,0,0,2,3.076,38,38,60,136,57,1,76.3158,66,88,94,1.1419,true,2,3.076,136,57,true,2,3.076,136,0,0,nanjing-museum>presidential-palace,nanjing-museum>presidential-palace,nanjing-museum>presidential-palace
27-museum-morning-wait,27,museum,morning-wait,noBge,true,true,true,true,false,false,false,0,0,2,3.076,38,38,60,136,57,1,76.3158,66,88,94,1.0287,true,2,3.076,136,57,true,2,3.076,136,0,0,nanjing-museum>presidential-palace,nanjing-museum>presidential-palace,nanjing-museum>presidential-palace
27-museum-morning-wait,27,museum,morning-wait,noKg,true,true,true,true,false,false,false,0,0,2,3.076,38,38,60,136,57,1,76.3158,66,88,94,1.1243,true,2,3.076,136,57,true,2,3.076,136,0,0,nanjing-museum>presidential-palace,nanjing-museum>presidential-palace,nanjing-museum>presidential-palace
27-museum-morning-wait,27,museum,morning-wait,noWeather,true,true,true,true,false,false,false,0,0,2,3.076,38,38,60,136,57,1,76.3158,66,88,94,1.3709,true,2,3.076,136,57,true,2,3.076,136,0,0,nanjing-museum>presidential-palace,nanjing-museum>presidential-palace,nanjing-museum>presidential-palace
28-museum-closing-pressure,28,museum,closing-pressure,full,false,false,false,false,true,false,false,0,0,,,,,,,,,,,,,0.0059,,,,,,,,,,,,,,
28-museum-closing-pressure,28,museum,closing-pressure,noBge,false,false,false,false,true,false,false,0,0,,,,,,,,,,,,,0.0021,,,,,,,,,,,,,,
28-museum-closing-pressure,28,museum,closing-pressure,noKg,false,false,false,false,true,false,false,0,0,,,,,,,,,,,,,0.0017,,,,,,,,,,,,,,
28-museum-closing-pressure,28,museum,closing-pressure,noWeather,false,false,false,false,true,false,false,0,0,,,,,,,,,,,,,0.0015,,,,,,,,,,,,,,
29-museum-culture-day,29,museum,culture-day,full,true,true,true,true,false,false,false,0,0,4,7.723999999999999,98,74,0,172,86,1,63.5135,58,73,77.25,6.7078,true,4,7.961,177,100,true,4,6.022,150,0,22,chaotian-palace>presidential-palace>1912>nanjing-museum,nanjing-museum>presidential-palace>chaotian-palace>pioneer-bookstore,pioneer-bookstore>chaotian-palace>presidential-palace>1912
29-museum-culture-day,29,museum,culture-day,noBge,true,true,true,true,false,false,false,0,0,4,7.723999999999999,98,74,0,172,86,1,63.5135,58,73,77.25,7.616,true,4,7.961,177,100,true,4,6.022,150,0,22,chaotian-palace>presidential-palace>1912>nanjing-museum,nanjing-museum>presidential-palace>chaotian-palace>pioneer-bookstore,pioneer-bookstore>chaotian-palace>presidential-palace>1912
29-museum-culture-day,29,museum,culture-day,noKg,true,true,true,true,false,false,false,0,0,4,7.723999999999999,98,74,0,172,86,1,63.5135,58,73,77.25,6.9914,true,4,7.961,177,100,true,4,6.022,150,0,22,chaotian-palace>presidential-palace>1912>nanjing-museum,nanjing-museum>presidential-palace>chaotian-palace>pioneer-bookstore,pioneer-bookstore>chaotian-palace>presidential-palace>1912
29-museum-culture-day,29,museum,culture-day,noWeather,true,true,true,true,false,false,false,0,0,4,7.948,100,76,0,176,100,1,76.3158,54,64,78.25,6.7779,true,4,7.961,177,100,true,4,6.022,150,0,26,pioneer-bookstore>chaotian-palace>presidential-palace>nanjing-museum,nanjing-museum>presidential-palace>chaotian-palace>pioneer-bookstore,pioneer-bookstore>chaotian-palace>presidential-palace>1912
30-museum-weekend-night,30,museum,weekend-night,full,true,true,true,true,false,false,false,0,0,2,3.008,35,38,0,73,43,0,76.3158,48,52,43,2.9572,true,0,0,0,0,true,2,1.15,49,0,24,pioneer-bookstore>1912,,presidential-palace>1912
30-museum-weekend-night,30,museum,weekend-night,noBge,true,true,true,true,false,false,false,0,0,2,3.008,35,38,0,73,43,0,76.3158,48,52,43,2.7951,true,0,0,0,0,true,2,1.15,49,0,24,pioneer-bookstore>1912,,presidential-palace>1912
30-museum-weekend-night,30,museum,weekend-night,noKg,true,true,true,true,false,false,false,0,0,2,3.008,35,38,0,73,43,0,76.3158,48,52,43,2.5205,true,0,0,0,0,true,2,1.15,49,0,24,pioneer-bookstore>1912,,presidential-palace>1912
30-museum-weekend-night,30,museum,weekend-night,noWeather,true,true,true,true,false,false,false,0,0,2,3.008,35,38,0,73,43,0,76.3158,48,52,43,3.1184,true,0,0,0,0,true,2,1.15,49,0,24,pioneer-bookstore>1912,,presidential-palace>1912
31-buddhist-rain-short,31,buddhist,rain-short,full,true,true,true,true,false,false,false,0,0,2,0.69,10,33,0,43,57,1,27.2727,66,88,69.5,3.3696,true,1,0,18,43,true,2,0.69,43,0,0,jiming-temple>taicheng,jiming-temple,jiming-temple>taicheng
31-buddhist-rain-short,31,buddhist,rain-short,noBge,true,true,true,true,false,false,false,0,0,2,0.69,10,33,0,43,57,1,27.2727,66,88,69.5,3.666,true,1,0,18,43,true,2,0.69,43,0,0,jiming-temple>taicheng,jiming-temple,jiming-temple>taicheng
31-buddhist-rain-short,31,buddhist,rain-short,noKg,true,true,true,true,false,false,false,0,0,2,0.69,10,33,0,43,57,1,27.2727,66,88,69.5,3.1132,true,1,0,18,43,true,2,0.69,43,0,0,jiming-temple>taicheng,jiming-temple,jiming-temple>taicheng
31-buddhist-rain-short,31,buddhist,rain-short,noWeather,true,true,true,true,false,false,false,0,0,2,0.69,10,33,0,43,57,1,27.2727,66,88,69.5,3.4721,true,1,0,18,43,true,2,0.69,43,0,0,jiming-temple>taicheng,jiming-temple,jiming-temple>taicheng
32-buddhist-morning-wait,32,buddhist,morning-wait,full,true,true,true,true,false,false,false,0,0,3,1.5259999999999998,21,48,3,72,71,1,18.75,66,88,64,1.5369,true,1,0,18,43,true,3,1.5259999999999998,72,0,0,jiming-temple>taicheng>xuanwu-lake,jiming-temple,jiming-temple>taicheng>xuanwu-lake
32-buddhist-morning-wait,32,buddhist,morning-wait,noBge,true,true,true,true,false,false,false,0,0,3,1.5259999999999998,21,48,3,72,71,1,18.75,66,88,64,1.4934,true,1,0,18,43,true,3,1.5259999999999998,72,0,0,jiming-temple>taicheng>xuanwu-lake,jiming-temple,jiming-temple>taicheng>xuanwu-lake
32-buddhist-morning-wait,32,buddhist,morning-wait,noKg,true,true,true,true,false,false,false,0,0,3,1.5259999999999998,21,48,3,72,71,1,18.75,66,88,64,1.4421,true,1,0,18,43,true,3,1.5259999999999998,72,0,0,jiming-temple>taicheng>xuanwu-lake,jiming-temple,jiming-temple>taicheng>xuanwu-lake
32-buddhist-morning-wait,32,buddhist,morning-wait,noWeather,true,true,true,true,false,false,false,0,0,3,1.5259999999999998,21,48,3,72,71,1,18.75,66,88,64,1.499,true,1,0,18,43,true,3,1.5259999999999998,72,0,0,jiming-temple>taicheng>xuanwu-lake,jiming-temple,jiming-temple>taicheng>xuanwu-lake
33-buddhist-closing-pressure,33,buddhist,closing-pressure,full,false,false,false,false,true,false,false,0,0,,,,,,,,,,,,,0.0057,,,,,,,,,,,,,,
33-buddhist-closing-pressure,33,buddhist,closing-pressure,noBge,false,false,false,false,true,false,false,0,0,,,,,,,,,,,,,0.0023,,,,,,,,,,,,,,
33-buddhist-closing-pressure,33,buddhist,closing-pressure,noKg,false,false,false,false,true,false,false,0,0,,,,,,,,,,,,,0.0015,,,,,,,,,,,,,,
33-buddhist-closing-pressure,33,buddhist,closing-pressure,noWeather,false,false,false,false,true,false,false,0,0,,,,,,,,,,,,,0.0014,,,,,,,,,,,,,,
34-buddhist-culture-day,34,buddhist,culture-day,full,true,true,true,true,false,false,false,0,0,4,8.963000000000001,112,68,0,180,86,1,42.6471,58,72,73,8.1977,true,1,0,18,43,true,4,8.963000000000001,180,0,0,xuanwu-lake>taicheng>jiming-temple>dabaosi,jiming-temple,dabaosi>jiming-temple>taicheng>xuanwu-lake
34-buddhist-culture-day,34,buddhist,culture-day,noBge,true,true,true,true,false,false,false,0,0,4,8.963000000000001,112,68,0,180,86,1,42.6471,58,72,73,4.3513,true,1,0,18,43,true,4,8.963000000000001,180,0,0,xuanwu-lake>taicheng>jiming-temple>dabaosi,jiming-temple,dabaosi>jiming-temple>taicheng>xuanwu-lake
34-buddhist-culture-day,34,buddhist,culture-day,noKg,true,true,true,true,false,false,false,0,0,4,8.963000000000001,112,68,0,180,86,1,42.6471,58,72,73,5.1033,true,1,0,18,43,true,4,8.963000000000001,180,0,0,xuanwu-lake>taicheng>jiming-temple>dabaosi,jiming-temple,dabaosi>jiming-temple>taicheng>xuanwu-lake
34-buddhist-culture-day,34,buddhist,culture-day,noWeather,true,true,true,true,false,false,false,0,0,4,8.963000000000001,112,68,0,180,86,1,42.6471,58,72,73,5.2957,true,1,0,18,43,true,4,8.963000000000001,180,0,0,xuanwu-lake>taicheng>jiming-temple>dabaosi,jiming-temple,dabaosi>jiming-temple>taicheng>xuanwu-lake
35-buddhist-weekend-night,35,buddhist,weekend-night,full,true,true,true,true,false,false,false,0,0,1,0,0,15,0,15,29,0,0,0,0,53,3.5753,true,0,0,0,0,true,1,0,15,0,0,xuanwu-lake,,qixia
35-buddhist-weekend-night,35,buddhist,weekend-night,noBge,true,true,true,true,false,false,false,0,0,1,0,0,15,0,15,29,0,0,0,0,53,3.2903,true,0,0,0,0,true,1,0,15,0,0,xuanwu-lake,,qixia
35-buddhist-weekend-night,35,buddhist,weekend-night,noKg,true,true,true,true,false,false,false,0,0,1,0,0,15,0,15,29,0,0,0,0,53,2.9624,true,0,0,0,0,true,1,0,15,0,0,xuanwu-lake,,qixia
35-buddhist-weekend-night,35,buddhist,weekend-night,noWeather,true,true,true,true,false,false,false,0,0,1,0,0,15,0,15,29,0,0,0,0,53,2.8584,true,0,0,0,0,true,1,0,15,0,0,xuanwu-lake,,qixia
36-lake-rain-short,36,lake,rain-short,full,true,true,true,true,false,false,false,0,0,2,0.816,13,30,0,43,57,1,0,66,88,92,3.4904,true,2,0.816,43,57,true,2,0.816,43,0,0,xuanwu-lake>xuanwu-lake-pavilion,xuanwu-lake>xuanwu-lake-pavilion,xuanwu-lake>xuanwu-lake-pavilion
36-lake-rain-short,36,lake,rain-short,noBge,true,true,true,true,false,false,false,0,0,2,0.816,13,30,0,43,57,1,0,66,88,92,3.3266,true,2,0.816,43,57,true,2,0.816,43,0,0,xuanwu-lake>xuanwu-lake-pavilion,xuanwu-lake>xuanwu-lake-pavilion,xuanwu-lake>xuanwu-lake-pavilion
36-lake-rain-short,36,lake,rain-short,noKg,true,true,true,true,false,false,false,0,0,2,0.816,13,30,0,43,57,1,0,66,88,92,3.4796,true,2,0.816,43,57,true,2,0.816,43,0,0,xuanwu-lake>xuanwu-lake-pavilion,xuanwu-lake>xuanwu-lake-pavilion,xuanwu-lake>xuanwu-lake-pavilion
36-lake-rain-short,36,lake,rain-short,noWeather,true,true,true,true,false,false,false,0,0,2,0.816,13,30,0,43,57,1,0,66,88,92,3.4929,true,2,0.816,43,57,true,2,0.816,43,0,0,xuanwu-lake>xuanwu-lake-pavilion,xuanwu-lake>xuanwu-lake-pavilion,xuanwu-lake>xuanwu-lake-pavilion
37-lake-morning-wait,37,lake,morning-wait,full,true,true,true,true,false,false,false,0,0,4,5.942,77,65,0,142,100,1,30.7692,59,74,61,2.1573,true,2,0.816,41,57,true,4,5.942,142,0,0,xuanwu-lake>xuanwu-lake-pavilion>yihe-road>pioneer-bookstore,xuanwu-lake>xuanwu-lake-pavilion,xuanwu-lake>xuanwu-lake-pavilion>yihe-road>pioneer-bookstore
37-lake-morning-wait,37,lake,morning-wait,noBge,true,true,true,true,false,false,false,0,0,4,5.942,77,65,0,142,100,1,30.7692,59,74,61,1.8242,true,2,0.816,41,57,true,4,5.942,142,0,0,xuanwu-lake>xuanwu-lake-pavilion>yihe-road>pioneer-bookstore,xuanwu-lake>xuanwu-lake-pavilion,xuanwu-lake>xuanwu-lake-pavilion>yihe-road>pioneer-bookstore
37-lake-morning-wait,37,lake,morning-wait,noKg,true,true,true,true,false,false,false,0,0,4,5.942,77,65,0,142,100,1,30.7692,59,74,61,1.462,true,2,0.816,41,57,true,4,5.942,142,0,0,xuanwu-lake>xuanwu-lake-pavilion>yihe-road>pioneer-bookstore,xuanwu-lake>xuanwu-lake-pavilion,xuanwu-lake>xuanwu-lake-pavilion>yihe-road>pioneer-bookstore
37-lake-morning-wait,37,lake,morning-wait,noWeather,true,true,true,true,false,false,false,0,0,4,5.942,77,65,0,142,100,1,30.7692,59,74,61,1.6577,true,2,0.816,41,57,true,4,5.942,142,0,0,xuanwu-lake>xuanwu-lake-pavilion>yihe-road>pioneer-bookstore,xuanwu-lake>xuanwu-lake-pavilion,xuanwu-lake>xuanwu-lake-pavilion>yihe-road>pioneer-bookstore
38-lake-closing-pressure,38,lake,closing-pressure,full,true,true,true,true,false,false,false,0,0,3,3.384,43,45,0,88,100,1,0,61,78,81,1.2955,true,2,0.816,41,80,true,3,3.42,87,0,1,xuanwu-lake>xuanwu-lake-pavilion>yihe-road,xuanwu-lake>xuanwu-lake-pavilion,yihe-road>xuanwu-lake-pavilion>xuanwu-lake
38-lake-closing-pressure,38,lake,closing-pressure,noBge,true,true,true,true,false,false,false,0,0,3,3.384,43,45,0,88,100,1,0,61,78,81,1.2553,true,2,0.816,41,80,true,3,3.42,87,0,1,xuanwu-lake>xuanwu-lake-pavilion>yihe-road,xuanwu-lake>xuanwu-lake-pavilion,yihe-road>xuanwu-lake-pavilion>xuanwu-lake
38-lake-closing-pressure,38,lake,closing-pressure,noKg,true,true,true,true,false,false,false,0,0,3,3.384,43,45,0,88,100,1,0,61,78,81,1.2781,true,2,0.816,41,80,true,3,3.42,87,0,1,xuanwu-lake>xuanwu-lake-pavilion>yihe-road,xuanwu-lake>xuanwu-lake-pavilion,yihe-road>xuanwu-lake-pavilion>xuanwu-lake
38-lake-closing-pressure,38,lake,closing-pressure,noWeather,true,true,true,true,false,false,false,0,0,3,3.384,43,45,0,88,100,1,0,61,78,81,1.2157,true,2,0.816,41,80,true,3,3.42,87,0,1,xuanwu-lake>xuanwu-lake-pavilion>yihe-road,xuanwu-lake>xuanwu-lake-pavilion,yihe-road>xuanwu-lake-pavilion>xuanwu-lake
39-lake-culture-day,39,lake,culture-day,full,true,true,true,true,false,false,false,0,0,4,6.353,82,65,0,147,100,1,30.7692,58,72,61,8.2489,true,3,8.700000000000001,152,57,true,4,6.095000000000001,140,0,7,xuanwu-lake-pavilion>xuanwu-lake>yihe-road>pioneer-bookstore,xuanwu-lake>xuanwu-lake-pavilion>mochou-lake,pioneer-bookstore>yihe-road>xuanwu-lake-pavilion>xuanwu-lake
39-lake-culture-day,39,lake,culture-day,noBge,true,true,true,true,false,false,false,0,0,4,6.353,82,65,0,147,100,1,30.7692,58,72,61,8.3268,true,3,8.700000000000001,152,57,true,4,6.095000000000001,140,0,7,xuanwu-lake-pavilion>xuanwu-lake>yihe-road>pioneer-bookstore,xuanwu-lake>xuanwu-lake-pavilion>mochou-lake,pioneer-bookstore>yihe-road>xuanwu-lake-pavilion>xuanwu-lake
39-lake-culture-day,39,lake,culture-day,noKg,true,true,true,true,false,false,false,0,0,4,9.034,112,60,0,172,71,1,0,57,71,83.75,9.4261,true,3,8.700000000000001,152,57,true,4,6.095000000000001,140,0,32,xuanwu-lake>xuanwu-lake-pavilion>yihe-road>mochou-lake,xuanwu-lake>xuanwu-lake-pavilion>mochou-lake,pioneer-bookstore>yihe-road>xuanwu-lake-pavilion>xuanwu-lake
39-lake-culture-day,39,lake,culture-day,noWeather,true,true,true,true,false,false,false,0,0,4,6.353,82,65,0,147,100,1,30.7692,58,72,61,9.5985,true,3,8.700000000000001,152,57,true,4,6.095000000000001,140,0,7,xuanwu-lake-pavilion>xuanwu-lake>yihe-road>pioneer-bookstore,xuanwu-lake>xuanwu-lake-pavilion>mochou-lake,pioneer-bookstore>yihe-road>xuanwu-lake-pavilion>xuanwu-lake
40-lake-weekend-night,40,lake,weekend-night,full,true,true,true,true,false,false,false,0,0,4,6.095000000000001,67,65,0,132,100,1,30.7692,59,74,61,5.139,true,3,8.700000000000001,140,57,true,4,6.095000000000001,132,0,0,pioneer-bookstore>yihe-road>xuanwu-lake-pavilion>xuanwu-lake,xuanwu-lake>xuanwu-lake-pavilion>mochou-lake,pioneer-bookstore>yihe-road>xuanwu-lake-pavilion>xuanwu-lake
40-lake-weekend-night,40,lake,weekend-night,noBge,true,true,true,true,false,false,false,0,0,4,6.095000000000001,67,65,0,132,100,1,30.7692,59,74,61,7.178,true,3,8.700000000000001,140,57,true,4,6.095000000000001,132,0,0,pioneer-bookstore>yihe-road>xuanwu-lake-pavilion>xuanwu-lake,xuanwu-lake>xuanwu-lake-pavilion>mochou-lake,pioneer-bookstore>yihe-road>xuanwu-lake-pavilion>xuanwu-lake
40-lake-weekend-night,40,lake,weekend-night,noKg,true,true,true,true,false,false,false,0,0,4,6.095000000000001,67,65,0,132,100,1,30.7692,59,74,61,5.9573,true,3,8.700000000000001,140,57,true,4,6.095000000000001,132,0,0,pioneer-bookstore>yihe-road>xuanwu-lake-pavilion>xuanwu-lake,xuanwu-lake>xuanwu-lake-pavilion>mochou-lake,pioneer-bookstore>yihe-road>xuanwu-lake-pavilion>xuanwu-lake
40-lake-weekend-night,40,lake,weekend-night,noWeather,true,true,true,true,false,false,false,0,0,4,6.095000000000001,67,65,0,132,100,1,30.7692,59,74,61,7.7445,true,3,8.700000000000001,140,57,true,4,6.095000000000001,132,0,0,pioneer-bookstore>yihe-road>xuanwu-lake-pavilion>xuanwu-lake,xuanwu-lake>xuanwu-lake-pavilion>mochou-lake,pioneer-bookstore>yihe-road>xuanwu-lake-pavilion>xuanwu-lake
41-low-energy-rain-short,41,low-energy,rain-short,full,true,true,true,true,false,false,false,0,0,2,0.354,6,35,0,41,67,1,57.1429,66,88,88.5,4.553,true,1,0,18,50,true,2,0.354,41,0,0,yijiu-cafe>yihe-road,1912,yijiu-cafe>yihe-road
41-low-energy-rain-short,41,low-energy,rain-short,noBge,true,true,true,true,false,false,false,0,0,2,0.354,6,35,0,41,67,1,57.1429,66,88,88.5,2.802,true,1,0,18,50,true,2,0.354,41,0,0,yijiu-cafe>yihe-road,1912,yijiu-cafe>yihe-road
41-low-energy-rain-short,41,low-energy,rain-short,noKg,true,true,true,true,false,false,false,0,0,2,0.354,6,35,0,41,67,1,57.1429,66,88,88.5,3.9528,true,1,0,18,50,true,2,0.354,41,0,0,yijiu-cafe>yihe-road,1912,yijiu-cafe>yihe-road
41-low-energy-rain-short,41,low-energy,rain-short,noWeather,true,true,true,true,false,false,false,0,0,2,0.354,6,35,0,41,67,1,57.1429,66,88,88.5,4.9439,true,1,0,18,50,true,2,0.354,41,0,0,yijiu-cafe>yihe-road,1912,yijiu-cafe>yihe-road
42-low-energy-morning-wait,42,low-energy,morning-wait,full,true,true,true,true,false,false,false,0,0,4,5.109,65,71,0,136,83,1,53.5211,49,53,80,1.7557,true,4,4.997,135,83,true,4,4.997,135,0,1,1912>presidential-palace>yihe-road>yijiu-cafe,1912>presidential-palace>yijiu-cafe>yihe-road,1912>presidential-palace>yijiu-cafe>yihe-road
42-low-energy-morning-wait,42,low-energy,morning-wait,noBge,true,true,true,true,false,false,false,0,0,4,5.109,65,71,0,136,83,1,53.5211,49,53,80,1.5621,true,4,4.997,135,83,true,4,4.997,135,0,1,1912>presidential-palace>yihe-road>yijiu-cafe,1912>presidential-palace>yijiu-cafe>yihe-road,1912>presidential-palace>yijiu-cafe>yihe-road
42-low-energy-morning-wait,42,low-energy,morning-wait,noKg,true,true,true,true,false,false,false,0,0,4,5.109,65,71,0,136,83,1,53.5211,49,53,80,1.5215,true,4,4.997,135,83,true,4,4.997,135,0,1,1912>presidential-palace>yihe-road>yijiu-cafe,1912>presidential-palace>yijiu-cafe>yihe-road,1912>presidential-palace>yijiu-cafe>yihe-road
42-low-energy-morning-wait,42,low-energy,morning-wait,noWeather,true,true,true,true,false,false,false,0,0,4,5.109,65,71,0,136,83,1,53.5211,49,53,80,1.9261,true,4,4.997,135,83,true,4,4.997,135,0,1,1912>presidential-palace>yihe-road>yijiu-cafe,1912>presidential-palace>yijiu-cafe>yihe-road,1912>presidential-palace>yijiu-cafe>yihe-road
43-low-energy-closing-pressure,43,low-energy,closing-pressure,full,true,true,true,true,false,false,false,0,0,2,0.354,5,35,0,40,80,1,57.1429,66,88,88.5,1.225,true,2,1.15,51,80,true,2,0.354,40,0,0,yihe-road>yijiu-cafe,1912>presidential-palace,yijiu-cafe>yihe-road
43-low-energy-closing-pressure,43,low-energy,closing-pressure,noBge,true,true,true,true,false,false,false,0,0,2,0.354,5,35,0,40,80,1,57.1429,66,88,88.5,1.1576,true,2,1.15,51,80,true,2,0.354,40,0,0,yihe-road>yijiu-cafe,1912>presidential-palace,yijiu-cafe>yihe-road
43-low-energy-closing-pressure,43,low-energy,closing-pressure,noKg,true,true,true,true,false,false,false,0,0,2,0.354,5,35,0,40,80,1,57.1429,66,88,88.5,1.1271,true,2,1.15,51,80,true,2,0.354,40,0,0,yihe-road>yijiu-cafe,1912>presidential-palace,yijiu-cafe>yihe-road
43-low-energy-closing-pressure,43,low-energy,closing-pressure,noWeather,true,true,true,true,false,false,false,0,0,2,0.354,5,35,0,40,80,1,57.1429,66,88,88.5,1.3132,true,2,1.15,51,80,true,2,0.354,40,0,0,yihe-road>yijiu-cafe,1912>presidential-palace,yijiu-cafe>yihe-road
44-low-energy-culture-day,44,low-energy,culture-day,full,true,true,true,true,false,false,false,0,0,5,7.488,94,86,0,180,100,1,44.186,52,60,77.2,9.4345,true,4,4.997,135,83,true,5,7.375,177,0,3,wutong-avenue>presidential-palace>1912>yihe-road>yijiu-cafe,1912>presidential-palace>yijiu-cafe>yihe-road,yihe-road>yijiu-cafe>1912>presidential-palace>wutong-avenue
44-low-energy-culture-day,44,low-energy,culture-day,noBge,true,true,true,true,false,false,false,0,0,5,7.488,94,86,0,180,100,1,44.186,52,60,77.2,14.5449,true,4,4.997,135,83,true,5,7.375,177,0,3,wutong-avenue>presidential-palace>1912>yihe-road>yijiu-cafe,1912>presidential-palace>yijiu-cafe>yihe-road,yihe-road>yijiu-cafe>1912>presidential-palace>wutong-avenue
44-low-energy-culture-day,44,low-energy,culture-day,noKg,true,true,true,true,false,false,false,0,0,5,7.488,94,86,0,180,100,1,44.186,52,60,77.2,16.389,true,4,4.997,135,83,true,5,7.375,177,0,3,wutong-avenue>presidential-palace>1912>yihe-road>yijiu-cafe,1912>presidential-palace>yijiu-cafe>yihe-road,yihe-road>yijiu-cafe>1912>presidential-palace>wutong-avenue
44-low-energy-culture-day,44,low-energy,culture-day,noWeather,true,true,true,true,false,false,false,0,0,5,7.488,94,86,0,180,100,1,44.186,52,60,77.2,12.9584,true,4,4.997,135,83,true,5,7.375,177,0,3,wutong-avenue>presidential-palace>1912>yihe-road>yijiu-cafe,1912>presidential-palace>yijiu-cafe>yihe-road,yihe-road>yijiu-cafe>1912>presidential-palace>wutong-avenue
45-low-energy-weekend-night,45,low-energy,weekend-night,full,true,true,true,true,false,false,false,0,0,4,7.328,80,68,0,148,83,1,42.6471,53,63,82.75,3.7792,true,1,0,18,50,true,4,7.328,148,0,0,yijiu-cafe>yihe-road>1912>wutong-avenue,1912,yijiu-cafe>yihe-road>1912>wutong-avenue
45-low-energy-weekend-night,45,low-energy,weekend-night,noBge,true,true,true,true,false,false,false,0,0,4,7.328,80,68,0,148,83,1,42.6471,53,63,82.75,5.8398,true,1,0,18,50,true,4,7.328,148,0,0,yijiu-cafe>yihe-road>1912>wutong-avenue,1912,yijiu-cafe>yihe-road>1912>wutong-avenue
45-low-energy-weekend-night,45,low-energy,weekend-night,noKg,true,true,true,true,false,false,false,0,0,4,7.328,80,68,0,148,83,1,42.6471,53,63,82.75,7.0933,true,1,0,18,50,true,4,7.328,148,0,0,yijiu-cafe>yihe-road>1912>wutong-avenue,1912,yijiu-cafe>yihe-road>1912>wutong-avenue
45-low-energy-weekend-night,45,low-energy,weekend-night,noWeather,true,true,true,true,false,false,false,0,0,4,7.328,80,68,0,148,83,1,42.6471,53,63,82.75,4.7831,true,1,0,18,50,true,4,7.328,148,0,0,yijiu-cafe>yihe-road>1912>wutong-avenue,1912,yijiu-cafe>yihe-road>1912>wutong-avenue
46-accessible-rain-short,46,accessible,rain-short,full,true,true,true,true,false,false,false,0,0,2,1.15,17,36,0,53,43,0,50,48,52,24,4.9708,true,1,0,20,29,true,2,1.15,53,0,0,presidential-palace>1912,nanjing-museum,presidential-palace>1912
46-accessible-rain-short,46,accessible,rain-short,noBge,true,true,true,true,false,false,false,0,0,2,1.15,17,36,0,53,43,0,50,48,52,24,4.7558,true,1,0,20,29,true,2,1.15,53,0,0,presidential-palace>1912,nanjing-museum,presidential-palace>1912
46-accessible-rain-short,46,accessible,rain-short,noKg,true,true,true,true,false,false,false,0,0,2,1.15,17,36,0,53,43,0,50,48,52,24,3.2942,true,1,0,20,29,true,2,1.15,53,0,0,presidential-palace>1912,nanjing-museum,presidential-palace>1912
46-accessible-rain-short,46,accessible,rain-short,noWeather,true,true,true,true,false,false,false,0,0,2,1.15,17,36,0,53,43,0,50,48,52,24,3.7932,true,1,0,20,29,true,2,1.15,53,0,0,presidential-palace>1912,nanjing-museum,presidential-palace>1912
47-accessible-morning-wait,47,accessible,morning-wait,full,true,true,true,true,false,false,false,0,0,2,3.076,38,38,60,136,43,0,76.3158,66,88,15.5,2.0114,true,2,3.076,136,43,true,2,3.076,136,0,0,nanjing-museum>presidential-palace,nanjing-museum>presidential-palace,nanjing-museum>presidential-palace
47-accessible-morning-wait,47,accessible,morning-wait,noBge,true,true,true,true,false,false,false,0,0,2,3.076,38,38,60,136,43,0,76.3158,66,88,15.5,2.1139,true,2,3.076,136,43,true,2,3.076,136,0,0,nanjing-museum>presidential-palace,nanjing-museum>presidential-palace,nanjing-museum>presidential-palace
47-accessible-morning-wait,47,accessible,morning-wait,noKg,true,true,true,true,false,false,false,0,0,2,3.076,38,38,60,136,43,0,76.3158,66,88,15.5,1.7722,true,2,3.076,136,43,true,2,3.076,136,0,0,nanjing-museum>presidential-palace,nanjing-museum>presidential-palace,nanjing-museum>presidential-palace
47-accessible-morning-wait,47,accessible,morning-wait,noWeather,true,true,true,true,false,false,false,0,0,2,3.076,38,38,60,136,43,0,76.3158,66,88,15.5,1.9523,true,2,3.076,136,43,true,2,3.076,136,0,0,nanjing-museum>presidential-palace,nanjing-museum>presidential-palace,nanjing-museum>presidential-palace
48-accessible-closing-pressure,48,accessible,closing-pressure,full,false,false,false,false,true,false,false,0,0,,,,,,,,,,,,,0.0074,,,,,,,,,,,,,,
48-accessible-closing-pressure,48,accessible,closing-pressure,noBge,false,false,false,false,true,false,false,0,0,,,,,,,,,,,,,0.0028,,,,,,,,,,,,,,
48-accessible-closing-pressure,48,accessible,closing-pressure,noKg,false,false,false,false,true,false,false,0,0,,,,,,,,,,,,,0.0021,,,,,,,,,,,,,,
48-accessible-closing-pressure,48,accessible,closing-pressure,noWeather,false,false,false,false,true,false,false,0,0,,,,,,,,,,,,,0.0022,,,,,,,,,,,,,,
49-accessible-culture-day,49,accessible,culture-day,full,true,true,true,true,false,false,false,0,0,4,8.547,107,71,0,178,86,0,53.5211,59,74,37.5,6.8463,true,4,8.547,178,86,true,4,7.234,170,0,8,xuanwu-lake>1912>presidential-palace>nanjing-museum,nanjing-museum>presidential-palace>1912>xuanwu-lake,pioneer-bookstore>1912>presidential-palace>nanjing-museum
49-accessible-culture-day,49,accessible,culture-day,noBge,true,true,true,true,false,false,false,0,0,4,8.547,107,71,0,178,86,0,53.5211,59,74,37.5,8.7932,true,4,8.547,178,86,true,4,7.234,170,0,8,xuanwu-lake>1912>presidential-palace>nanjing-museum,nanjing-museum>presidential-palace>1912>xuanwu-lake,pioneer-bookstore>1912>presidential-palace>nanjing-museum
49-accessible-culture-day,49,accessible,culture-day,noKg,true,true,true,true,false,false,false,0,0,4,8.547,107,71,0,178,86,0,53.5211,59,74,37.5,7.9236,true,4,8.547,178,86,true,4,7.234,170,0,8,xuanwu-lake>1912>presidential-palace>nanjing-museum,nanjing-museum>presidential-palace>1912>xuanwu-lake,pioneer-bookstore>1912>presidential-palace>nanjing-museum
49-accessible-culture-day,49,accessible,culture-day,noWeather,true,true,true,true,false,false,false,0,0,4,8.547,107,71,0,178,86,0,53.5211,59,74,37.5,8.3731,true,4,8.547,178,86,true,4,7.234,170,0,8,xuanwu-lake>1912>presidential-palace>nanjing-museum,nanjing-museum>presidential-palace>1912>xuanwu-lake,pioneer-bookstore>1912>presidential-palace>nanjing-museum
50-accessible-weekend-night,50,accessible,weekend-night,full,true,true,true,true,false,false,false,0,0,3,7.329,83,53,0,136,71,0,54.717,51,57,46,4.3259,true,0,0,0,0,true,3,5.471,112,0,24,pioneer-bookstore>1912>xuanwu-lake,,presidential-palace>1912>xuanwu-lake
50-accessible-weekend-night,50,accessible,weekend-night,noBge,true,true,true,true,false,false,false,0,0,3,8.322,91,51,0,142,71,0,35.2941,54,64,39.6667,5.4424,true,0,0,0,0,true,3,5.471,112,0,30,presidential-palace>xuanwu-lake>1912,,presidential-palace>1912>xuanwu-lake
50-accessible-weekend-night,50,accessible,weekend-night,noKg,true,true,true,true,false,false,false,0,0,3,7.329,83,53,0,136,71,0,54.717,51,57,46,5.5394,true,0,0,0,0,true,3,5.471,112,0,24,pioneer-bookstore>1912>xuanwu-lake,,presidential-palace>1912>xuanwu-lake
50-accessible-weekend-night,50,accessible,weekend-night,noWeather,true,true,true,true,false,false,false,0,0,3,7.329,83,53,0,136,71,0,54.717,51,57,46,4.8146,true,0,0,0,0,true,3,5.471,112,0,24,pioneer-bookstore>1912>xuanwu-lake,,presidential-palace>1912>xuanwu-lake
51-night-rain-short,51,night,rain-short,full,true,true,true,true,false,false,false,0,0,1,0,0,20,0,20,33,0,100,0,0,59,3.6361,true,1,0,18,33,true,1,0,15,0,5,yijiu-cafe,1912,xuanwu-lake
51-night-rain-short,51,night,rain-short,noBge,true,true,true,true,false,false,false,0,0,1,0,0,20,0,20,33,0,100,0,0,59,3.1507,true,1,0,18,33,true,1,0,15,0,5,yijiu-cafe,1912,xuanwu-lake
51-night-rain-short,51,night,rain-short,noKg,true,true,true,true,false,false,false,0,0,1,0,0,20,0,20,33,0,100,0,0,59,3.7572,true,1,0,18,33,true,1,0,15,0,5,yijiu-cafe,1912,xuanwu-lake
51-night-rain-short,51,night,rain-short,noWeather,true,true,true,true,false,false,false,0,0,1,0,0,18,0,18,33,0,50,0,0,100,2.78,true,1,0,18,33,true,1,0,15,0,3,laomendong,1912,xuanwu-lake
52-night-morning-wait,52,night,morning-wait,full,true,true,true,true,false,false,false,0,0,3,5.294,66,54,0,120,67,0,50,51,60,72.6667,1.7628,true,3,5.294,120,67,true,3,5.294,120,0,0,1912>confucius-temple>laomendong,1912>confucius-temple>laomendong,1912>confucius-temple>laomendong
52-night-morning-wait,52,night,morning-wait,noBge,true,true,true,true,false,false,false,0,0,3,5.294,66,54,0,120,67,0,50,51,60,72.6667,1.7805,true,3,5.294,120,67,true,3,5.294,120,0,0,1912>confucius-temple>laomendong,1912>confucius-temple>laomendong,1912>confucius-temple>laomendong
52-night-morning-wait,52,night,morning-wait,noKg,true,true,true,true,false,false,false,0,0,3,5.294,66,54,0,120,67,0,50,51,60,72.6667,1.4731,true,3,5.294,120,67,true,3,5.294,120,0,0,1912>confucius-temple>laomendong,1912>confucius-temple>laomendong,1912>confucius-temple>laomendong
52-night-morning-wait,52,night,morning-wait,noWeather,true,true,true,true,false,false,false,0,0,3,5.294,66,54,0,120,67,0,50,51,60,72.6667,1.877,true,3,5.294,120,67,true,3,5.294,120,0,0,1912>confucius-temple>laomendong,1912>confucius-temple>laomendong,1912>confucius-temple>laomendong
53-night-closing-pressure,53,night,closing-pressure,full,true,true,true,true,false,false,false,0,0,2,1.482,19,36,0,55,75,0,50,66,88,92,1.189,true,2,3.812,83,100,true,2,1.482,55,0,0,confucius-temple>laomendong,1912>confucius-temple,confucius-temple>laomendong
53-night-closing-pressure,53,night,closing-pressure,noBge,true,true,true,true,false,false,false,0,0,2,1.482,19,36,0,55,75,0,50,66,88,92,1.6816,true,2,3.812,83,100,true,2,1.482,55,0,0,confucius-temple>laomendong,1912>confucius-temple,confucius-temple>laomendong
53-night-closing-pressure,53,night,closing-pressure,noKg,true,true,true,true,false,false,false,0,0,2,1.482,19,36,0,55,75,0,50,66,88,92,1.1047,true,2,3.812,83,100,true,2,1.482,55,0,0,confucius-temple>laomendong,1912>confucius-temple,confucius-temple>laomendong
53-night-closing-pressure,53,night,closing-pressure,noWeather,true,true,true,true,false,false,false,0,0,2,1.482,19,36,0,55,75,0,50,66,88,92,1.0131,true,2,3.812,83,100,true,2,1.482,55,0,0,confucius-temple>laomendong,1912>confucius-temple,confucius-temple>laomendong
54-night-culture-day,54,night,culture-day,full,true,true,true,true,false,false,false,0,0,3,7.825,99,51,0,150,83,0,35.2941,57,70,91,5.5763,true,3,5.294,120,67,true,3,5.294,120,0,30,laomendong>confucius-temple>xuanwu-lake,1912>confucius-temple>laomendong,1912>confucius-temple>laomendong
54-night-culture-day,54,night,culture-day,noBge,true,true,true,true,false,false,false,0,0,3,7.825,99,51,0,150,83,0,35.2941,57,70,91,6.0683,true,3,5.294,120,67,true,3,5.294,120,0,30,laomendong>confucius-temple>xuanwu-lake,1912>confucius-temple>laomendong,1912>confucius-temple>laomendong
54-night-culture-day,54,night,culture-day,noKg,true,true,true,true,false,false,false,0,0,3,7.825,99,51,0,150,83,0,35.2941,57,70,91,7.7045,true,3,5.294,120,67,true,3,5.294,120,0,30,laomendong>confucius-temple>xuanwu-lake,1912>confucius-temple>laomendong,1912>confucius-temple>laomendong
54-night-culture-day,54,night,culture-day,noWeather,true,true,true,true,false,false,false,0,0,3,7.825,99,51,0,150,83,0,35.2941,57,70,91,5.7906,true,3,5.294,120,67,true,3,5.294,120,0,30,laomendong>confucius-temple>xuanwu-lake,1912>confucius-temple>laomendong,1912>confucius-temple>laomendong
55-night-weekend-night,55,night,weekend-night,full,true,true,true,true,false,false,false,0,0,3,7.825,87,51,0,138,83,0,35.2941,57,70,91,3.7536,true,3,5.294,113,67,true,3,5.294,113,0,25,laomendong>confucius-temple>xuanwu-lake,1912>confucius-temple>laomendong,1912>confucius-temple>laomendong
55-night-weekend-night,55,night,weekend-night,noBge,true,true,true,true,false,false,false,0,0,3,5.294,59,54,0,113,67,0,50,58,72,72.6667,5.826,true,3,5.294,113,67,true,3,5.294,113,0,0,1912>confucius-temple>laomendong,1912>confucius-temple>laomendong,1912>confucius-temple>laomendong
55-night-weekend-night,55,night,weekend-night,noKg,true,true,true,true,false,false,false,0,0,3,5.294,59,54,0,113,67,0,50,58,72,72.6667,6.5885,true,3,5.294,113,67,true,3,5.294,113,0,0,1912>confucius-temple>laomendong,1912>confucius-temple>laomendong,1912>confucius-temple>laomendong
55-night-weekend-night,55,night,weekend-night,noWeather,true,true,true,true,false,false,false,0,0,3,7.825,87,51,0,138,83,0,35.2941,57,70,91,4.435,true,3,5.294,113,67,true,3,5.294,113,0,25,laomendong>confucius-temple>xuanwu-lake,1912>confucius-temple>laomendong,1912>confucius-temple>laomendong
56-cross-city-rain-short,56,cross-city,rain-short,full,true,true,true,true,false,false,false,0,0,1,0,0,20,0,20,25,0,100,0,0,82,3.7166,true,1,0,15,25,true,1,0,15,0,5,nanjing-museum,qixia,qixia
56-cross-city-rain-short,56,cross-city,rain-short,noBge,true,true,true,true,false,false,false,0,0,1,0,0,20,0,20,25,0,100,0,0,82,4.8975,true,1,0,15,25,true,1,0,15,0,5,nanjing-museum,qixia,qixia
56-cross-city-rain-short,56,cross-city,rain-short,noKg,true,true,true,true,false,false,false,0,0,1,0,0,20,0,20,25,0,100,0,0,82,3.2197,true,1,0,15,25,true,1,0,15,0,5,nanjing-museum,qixia,qixia
56-cross-city-rain-short,56,cross-city,rain-short,noWeather,true,true,true,true,false,false,false,0,0,1,0,0,18,0,18,25,0,50,0,0,95,3.5588,true,1,0,15,25,true,1,0,15,0,3,presidential-palace,qixia,qixia
57-cross-city-morning-wait,57,cross-city,morning-wait,full,true,true,true,true,false,false,false,0,0,1,0,0,15,0,15,25,0,0,0,0,22,1.1982,true,1,0,15,25,true,1,0,15,0,0,qixia,qixia,qixia
57-cross-city-morning-wait,57,cross-city,morning-wait,noBge,true,true,true,true,false,false,false,0,0,1,0,0,15,0,15,25,0,0,0,0,22,1.1482,true,1,0,15,25,true,1,0,15,0,0,qixia,qixia,qixia
57-cross-city-morning-wait,57,cross-city,morning-wait,noKg,true,true,true,true,false,false,false,0,0,1,0,0,15,0,15,25,0,0,0,0,22,1.375,true,1,0,15,25,true,1,0,15,0,0,qixia,qixia,qixia
57-cross-city-morning-wait,57,cross-city,morning-wait,noWeather,true,true,true,true,false,false,false,0,0,1,0,0,15,0,15,25,0,0,0,0,22,1.8144,true,1,0,15,25,true,1,0,15,0,0,qixia,qixia,qixia
58-cross-city-closing-pressure,58,cross-city,closing-pressure,full,false,false,false,false,true,false,false,0,0,,,,,,,,,,,,,0.0102,,,,,,,,,,,,,,
58-cross-city-closing-pressure,58,cross-city,closing-pressure,noBge,false,false,false,false,true,false,false,0,0,,,,,,,,,,,,,0.0027,,,,,,,,,,,,,,
58-cross-city-closing-pressure,58,cross-city,closing-pressure,noKg,false,false,false,false,true,false,false,0,0,,,,,,,,,,,,,0.0026,,,,,,,,,,,,,,
58-cross-city-closing-pressure,58,cross-city,closing-pressure,noWeather,false,false,false,false,true,false,false,0,0,,,,,,,,,,,,,0.0014,,,,,,,,,,,,,,
59-cross-city-culture-day,59,cross-city,culture-day,full,true,true,true,true,false,false,false,0,0,3,9.807,126,51,0,177,75,0,35.2941,63,82,52,4.3351,true,1,0,15,25,true,3,6.147,133,0,44,confucius-temple>presidential-palace>zhongshan,qixia,nanjing-museum>presidential-palace>confucius-temple
59-cross-city-culture-day,59,cross-city,culture-day,noBge,true,true,true,true,false,false,false,0,0,3,9.807,126,51,0,177,75,0,35.2941,63,82,52,4.6058,true,1,0,15,25,true,3,6.147,133,0,44,confucius-temple>presidential-palace>zhongshan,qixia,nanjing-museum>presidential-palace>confucius-temple
59-cross-city-culture-day,59,cross-city,culture-day,noKg,true,true,true,true,false,false,false,0,0,3,7.084,86,53,0,139,50,0,54.717,66,88,65.6667,4.2776,true,1,0,15,25,true,3,6.147,133,0,6,zhongshan>nanjing-museum>presidential-palace,qixia,nanjing-museum>presidential-palace>confucius-temple
59-cross-city-culture-day,59,cross-city,culture-day,noWeather,true,true,true,true,false,false,false,0,0,3,6.147,77,56,0,133,63,0,67.8571,61,77,72.6667,4.5731,true,1,0,15,25,true,3,6.147,133,0,0,confucius-temple>presidential-palace>nanjing-museum,qixia,nanjing-museum>presidential-palace>confucius-temple
60-cross-city-weekend-night,60,cross-city,weekend-night,full,true,true,true,true,false,false,false,0,0,2,6.736,77,33,0,110,50,0,27.2727,66,88,57.5,3.3718,true,1,0,15,25,true,2,3.071,70,0,40,presidential-palace>zhongshan,qixia,presidential-palace>confucius-temple
60-cross-city-weekend-night,60,cross-city,weekend-night,noBge,true,true,true,true,false,false,false,0,0,2,6.736,77,33,0,110,50,0,27.2727,66,88,57.5,4.5462,true,1,0,15,25,true,2,3.071,70,0,40,presidential-palace>zhongshan,qixia,presidential-palace>confucius-temple
60-cross-city-weekend-night,60,cross-city,weekend-night,noKg,true,true,true,true,false,false,false,0,0,2,6.736,77,33,0,110,50,0,27.2727,66,88,57.5,4.2271,true,1,0,15,25,true,2,3.071,70,0,40,presidential-palace>zhongshan,qixia,presidential-palace>confucius-temple
60-cross-city-weekend-night,60,cross-city,weekend-night,noWeather,true,true,true,true,false,false,false,0,0,2,6.736,77,33,0,110,50,0,27.2727,66,88,57.5,3.6075,true,1,0,15,25,true,2,3.071,70,0,40,presidential-palace>zhongshan,qixia,presidential-palace>confucius-temple
